timestep,MFN-A2C,A2C,Buy-and-Hold
0,10000.0,10000.0,10000.0
1,9992.901716751565,9992.619116567836,10114.935099478153
2,9963.678679764316,9966.437072539957,10246.745576161236
3,10017.50181880733,10016.4290068113,10091.41516854934
4,10057.947754763452,10058.34188710058,10234.439643802752
5,9981.505588452455,9981.41828897078,10317.269401969324
6,9928.619428429252,9928.294193915672,10482.013932226582
7,9917.06460735126,9916.606826157926,10499.91317515647
8,9799.077117019382,9789.598941931004,10488.272832487846
9,9676.77340003437,9676.940779783796,10367.03058548344
10,9542.666353973696,9544.87907316574,10150.895753194894
11,9405.800611066406,9420.70160137656,10212.07540463494
12,9509.653172269656,9519.975564756263,9989.27167238515
13,9562.119410882851,9570.259842494464,10151.136526324908
14,9684.712905171638,9685.681970660627,10240.179421286372
15,9338.284044932903,9345.6966278136,10230.891929073005
16,9056.707244476283,9080.917483517003,10179.724514972286
17,8984.288373610114,9008.066747978586,10052.305577994635
18,8991.18009144821,9019.85924485343,10089.228790677573
19,9164.32695374493,9187.81973767261,10080.370632599866
20,9189.226994908391,9222.533530239096,10042.227069400453
21,9203.067812560465,9239.373419719564,10111.405250516487
22,9341.856796822718,9382.157262266956,10163.175317665376
23,9268.240527799737,9309.641006160864,10066.683820971755
24,9146.593073474818,9190.439390309966,10000.311024831326
25,9252.153557088244,9290.40785431604,9985.7304174183
26,9300.17082730949,9333.85146253748,9836.982277534593
27,9181.841735595404,9223.650636482482,9681.953726535565
28,9294.283136355954,9335.35503217106,9512.932192651406
29,9355.97477863813,9396.074164520956,9343.79502074476
30,9335.175254514525,9379.533340958047,9472.339796478964
31,9289.114808466436,9330.678065430811,9537.243782211775
32,9336.072343278644,9372.10624568941,9691.269193091535
33,9242.538195594254,9281.440547450917,9260.90823250751
34,9145.321726403428,9179.943672980453,8917.962009227409
35,9218.068199281368,9251.985830991747,8828.999932025532
36,9289.940231945246,9322.455724571566,8840.677672947515
37,9284.1181106953,9315.50167502318,9054.36562532996
38,9346.886743615409,9373.266456532256,9083.590802296678
39,9439.90214480574,9464.9795649175,9098.16273742188
40,9467.358695380335,9492.060283622362,9269.500922601652
41,9422.135006425162,9447.660339323922,9180.115728440089
42,9475.811173021846,9500.405686180266,9030.340498685611
43,9439.003384002965,9465.634822115651,9158.97752617708
44,9521.61919165027,9545.087422977213,9217.626165471453
45,9533.68939512916,9562.907497638387,9071.071041779198
46,9564.571663684555,9592.20715081895,9210.714706695477
47,9580.399361024318,9612.95760779258,9287.614278904008
48,9534.93454630388,9561.97967276737,9266.12064748734
49,9515.495184759857,9543.260599147492,9212.397664866714
50,9319.677259421718,9363.847156127598,9264.548295120578
51,9388.09462688372,9430.464345305663,9151.491465479705
52,9368.340781410709,9412.937254718976,9034.674993040268
53,9389.231947027854,9428.870863940445,9121.774195472306
54,9573.873782157534,9612.619461076483,9210.00326014758
55,9554.01448301317,9598.432654298143,9201.627099891137
56,9582.348635267052,9626.14625684629,9279.084481089736
57,9599.39286904098,9639.884590221129,9394.082557938002
58,9639.478669671553,9683.457417789614,9427.179841610676
59,9599.054445690235,9645.636988748716,9371.773161637271
60,9492.414091452642,9552.088566578572,9439.942493405384
61,9502.133403532123,9559.690900055271,9393.274235561972
62,9450.670185426272,9504.578092163118,9493.612389118442
63,9398.03214432791,9450.349346588722,9511.200700544394
64,9459.693275212172,9511.138091918923,9552.341349480152
65,9513.405265959802,9558.18853638286,9576.754424506593
66,9511.651922578598,9551.978451647889,9515.972544917944
67,9478.026715188646,9520.161234633,9490.321986569215
68,9636.450129158166,9666.297646952838,9254.10979314334
69,9663.94952919718,9691.38108407088,9338.121153852446
70,9683.30586013187,9713.15402896614,9313.7027079947
71,9785.902402193173,9820.732559050695,9337.644619733264
72,9739.213276319317,9772.62185748032,9569.936142754355
73,9691.985039562202,9732.59985980982,9549.711107707788
74,9667.315051377604,9710.152221895987,9582.462456876454
75,9620.438537870235,9663.417295404091,9601.592747613102
76,9643.192971143772,9683.925024945574,9646.761378843476
77,9678.22263575252,9718.344692470371,9601.182698918195
78,9658.875330720715,9694.480397496663,9474.520484594412
79,9649.71135731462,9684.487078489306,9489.81926506656
80,9671.496841522228,9705.66675314728,9429.035038433212
81,9647.736853616603,9680.937573964286,9362.063784436285
82,9664.165290956043,9690.848143155394,9437.707416105426
83,9622.305288209833,9643.63816698732,9497.84757303374
84,9637.743479393388,9652.052655754907,9490.818450940014
85,9637.476930624724,9652.147919402129,9450.408859721789
86,9640.734520887348,9653.598364399626,9634.393059612064
87,9615.571034680952,9628.037092847211,9667.908688714724
88,9653.659309051,9664.249902788995,9696.351153384963
89,9617.97954265101,9629.64527028778,9821.308418315526
90,9656.674928204871,9662.704959908751,9768.40299763852
91,9649.006973821548,9654.418719342706,9711.530041040472
92,9665.935430114589,9674.292249322658,9683.113339306048
93,9687.450125533,9696.019400915577,9624.305521478242
94,9647.298709606885,9660.0142667827,9649.96799431314
95,9685.825000808789,9696.631891552392,9692.846114186892
96,9718.819449718703,9730.442827157229,9670.149273811092
97,9792.615803154764,9801.541909620191,9657.43062395954
98,9878.140738196676,9884.242471536763,9685.174206865911
99,9901.444388129075,9905.530291262356,9654.550024011602
100,9923.39188343013,9926.768366065868,9676.35788383859
101,9884.925336620328,9886.26361201913,9628.200280009383
102,9806.951378316471,9802.80635116776,9643.337657546845
103,9822.966777155923,9818.2987487213,9643.609889494815
104,9850.255597781865,9850.322004833137,9644.752027289043
105,9863.394146518687,9864.101447426056,9613.852412093498
106,9875.309899128588,9876.76914079364,9657.58107366538
107,9861.492549038054,9862.81048514849,9616.490808382296
108,9818.51907646243,9817.956934884976,9659.6313076531
109,9922.808598395275,9920.145206205916,9650.251123850756
110,9920.291129808966,9917.629392487095,9670.4052085251
111,9754.592837451688,9772.781189084892,9695.202709560435
112,9698.695736877298,9719.76588054904,9649.894736969598
113,9720.443658892202,9742.11838777594,9699.252101847536
114,9814.30808884148,9833.483571266295,9738.438518078296
115,9842.819316853189,9862.411835279272,9823.833573985608
116,9803.32088921542,9822.126016350809,9930.42693852115
117,9799.20266367756,9817.124469490958,9957.240683751226
118,9793.55686800174,9803.301164981804,9985.125770915662
119,9793.096238604458,9804.553846823635,9939.766244357908
120,9760.263626196936,9772.016739700166,9843.630762128672
121,9534.407322043213,9529.365987949735,9864.180581305473
122,9538.2910053434,9533.054174645324,9893.815677709412
123,9437.809453611091,9429.325315012877,9910.1749714034
124,9397.780382426035,9389.05359245549,9923.313115162731
125,9457.870363946477,9446.777707133426,9902.783031550398
126,9435.312612436046,9423.244196625505,9850.567276807104
127,9361.914806198936,9352.567369311551,9976.45877757268
128,9266.078035166482,9261.325386484858,9971.708144085542
129,9282.08912152358,9277.961757017354,9768.384978136555
130,9272.841961726126,9269.841824608877,9699.675820065042
131,9256.159624813516,9252.128416970358,9725.388247588207
132,9307.536412887166,9304.633755068042,9842.058858244254
133,9301.480820763203,9297.904382805626,9878.9496543165
134,9289.568859787956,9286.048560488558,9829.761757511798
135,9262.543650651398,9261.246669357612,9825.330218988744
136,9264.028121811974,9261.94790794918,9821.21544876822
137,9242.071800676616,9240.204332138215,9819.608831949963
138,9175.537758637787,9165.629231795056,9777.102880875707
139,9151.211557666826,9136.119569888357,9506.838362397266
140,9138.856298565355,9122.44678511521,9515.794146662674
141,9241.860190336249,9224.683829161831,9389.349394237614
142,9212.52962330504,9194.385579354914,9336.102569377052
143,9199.828064169931,9183.24494166071,9407.259821008734
144,9252.026390306204,9233.095592586917,9376.204860973718
145,9296.14125851786,9274.750372364742,9286.830675949155
146,9303.211989186044,9279.24655751326,9166.522925796022
147,9445.908033525964,9423.151389101944,9187.681642937596
148,9389.25669053296,9365.864589275934,9180.31911464826
149,9390.881695373637,9366.469820003187,9158.495814684466
150,9283.635094476076,9257.14802808538,9223.202749051929
151,9241.713440873484,9211.96978089078,9213.922008568516
152,9260.015875698598,9228.987102089464,9199.50976434053
153,9431.98888549996,9398.80290294016,9164.445299085775
154,9472.746942943688,9439.829504062847,9166.60390687416
155,9103.561005470849,9070.785339652111,9139.81161615748
156,9230.516806348633,9192.402522261116,9059.448439130105
157,9218.858452761217,9180.717782608168,9031.48175664739
158,9148.75686968552,9114.183795564151,9019.67670955093
159,9074.398192302133,9042.012921117035,9147.514750049844
160,9091.5109887697,9057.978850042064,9110.224841486288
161,9192.09262123152,9157.661079624317,9095.954862376268
162,9155.538988796698,9124.665720336756,9159.476302849213
163,9256.348614721748,9224.681244096497,9213.202756179442
164,9112.873736531708,9075.576914780935,9221.506528219925
165,9187.869854537328,9149.431314222003,9395.981924695425
166,9237.003544710473,9201.679793410189,9326.10287592993
167,9243.680913712758,9208.53836234734,9330.46602056117
168,9229.27711678436,9194.68601351266,9200.385415035398
169,9216.447980363197,9182.493460172103,9153.102805119786
170,9202.712282394952,9166.643016298302,9172.053413587391
171,9112.350232872692,9073.259661119358,9374.22190086449
172,9109.422112875884,9071.745978992838,9420.757510914164
173,9171.360160982513,9132.24038928541,8968.21705037795
174,9159.168868375067,9117.547137444431,9123.065691402278
175,9121.110074100588,9077.120592102625,9108.755580343846
176,9092.53032185861,9049.98547765761,9023.898632631975
177,8977.55978025709,8944.420893013315,8928.18703365162
178,8565.703550446071,8544.102782068718,8948.453609323886
179,8426.12828255191,8403.529340837495,9068.9719523988
180,8290.674423937671,8276.671863474397,9027.248054853522
181,7994.628977400496,7983.862184687677,9148.79937153196
182,8146.790681605927,8138.287509286979,8975.794515830807
183,8376.69552685787,8372.346420401584,9062.594343840045
184,8378.918528453814,8369.986241421937,9125.304233953548
185,8417.779979160992,8415.594218994525,9133.036531567235
186,8512.815536568609,8508.663986766678,9113.84328981306
187,8472.861358968337,8468.513153082777,9099.251804264257
188,8555.260995849481,8542.579175750014,9084.764611634271
189,8411.182368653741,8403.550907577897,8976.884981759678
190,8219.290819181311,8212.780533218476,8974.082309651334
191,8225.747748820553,8215.573305829099,9048.219352441958
192,8083.308245980432,8077.137183617309,9033.583238446306
193,8308.717806063049,8299.56015281938,8988.788755862772
194,8212.573187701912,8208.274443240494,8955.755648995
195,8336.322900720452,8325.847225937867,8822.742690676478
196,8808.298172005929,8752.475119286568,8341.26728223347
197,8820.721234316936,8771.702998555245,8185.297123234863
198,8690.306534329906,8644.265357579648,8035.855812026212
199,8668.342290749271,8619.596473287753,7692.573104595317
200,8652.566387260455,8605.00554076106,7868.434252626636
201,8406.08450345395,8364.062392681593,8129.96934566947
202,8496.714335461325,8453.807623145985,8130.511209818923
203,8539.16028388812,8491.665002833866,8179.378546126006
204,8624.54164723055,8576.898938115108,8291.822955240877
205,8664.321825977031,8617.489789331868,8245.639270758242
206,8700.675358834096,8651.573457229159,8337.67819051939
207,8728.448372037215,8678.17862530498,8171.224853948737
208,8779.293044063621,8732.191689457364,7953.558039515131
209,8749.895489142373,8705.436511524365,7956.689812149487
210,8702.652134202926,8660.989052506562,7789.1964288403005
211,8783.476091623697,8737.192816424496,8054.893751627213
212,8799.692595342276,8752.175796244073,7938.022173928158
213,8987.156028138177,8950.17885307135,8085.257839500446
214,8953.544086138474,8915.98088495688,8634.49187702063
215,8964.540036562812,8929.68912143547,8655.117498374208
216,8931.233958586801,8900.347428570323,8502.183467109886
217,8907.502897799788,8878.104784553681,8481.604098068347
218,8882.868723641091,8853.466507691375,8463.502403451344
219,8820.442886009121,8788.708298293395,8170.360307653956
220,8816.905148380081,8784.909048441068,8278.107282
221,8824.503303602032,8791.766509250418,8325.525506212809
222,8911.45818230374,8880.52473928231,8425.549288488577
223,8905.218428442007,8874.769467797543,8471.518855068178
224,8975.394025528287,8934.438295702294,8517.436850870728
225,8837.310418766274,8798.665910751275,8551.50702279153
226,8883.364005972939,8846.887878579775,8615.646373860724
227,8857.250235363419,8821.344135954427,8578.944441459684
228,8927.405029794494,8892.364303182978,8525.786616009475
229,8943.573988616175,8910.340107134687,8619.051041665125
230,8899.170263178636,8861.988231668149,8635.78058416242
231,8824.790904187535,8778.469954431366,8853.512562686725
232,8778.305004734735,8730.024290473732,8814.638834208048
233,8739.674580689585,8690.97422647487,8829.69357168148
234,8770.668786554648,8718.875664195542,8795.469312176156
235,8709.267328524547,8655.711337552792,8760.02110814327
236,8744.088420765695,8692.312055854967,8730.176227622007
237,8770.029265431853,8711.826410630183,8654.253191580043
238,8769.677478050682,8711.686569283547,8650.139739255197
239,8721.881170938608,8664.990833110583,8657.964340836048
240,8724.238268420435,8666.46559565603,8759.4358141711
241,8789.858358859216,8732.866711973196,8755.188147152958
242,8780.949204255066,8723.387569731285,8832.714639365297
243,8777.124558003274,8721.191060820845,8674.073845480078
244,8784.629942736978,8729.642911739502,8729.943531762057
245,8784.452022761745,8729.611005415127,8696.708749535557
246,8791.382894633281,8737.54485629825,8779.673775180865
247,8788.396609587076,8733.792530956816,8801.85826238025
248,8808.98122745162,8753.253378165547,8753.02347836069
249,8804.615691161787,8746.839439311736,8665.933509248285
250,8829.944393314901,8767.436606190062,8609.203252838028
251,8809.089855571141,8744.835947515034,8560.788234312207
252,8846.138337633938,8782.280195179252,8598.149644953612
253,8847.341935605311,8782.049881623281,8526.526373758026
254,8831.10607950538,8766.270312420405,8572.18145002897
255,8829.50463877426,8761.871043360337,8607.002735067788
256,8840.991834097826,8771.4884979377,8603.707871692315
257,8850.557502691854,8780.982090949494,8549.437412424719
258,8866.071154108455,8797.495063141183,8551.089894288913
259,8846.741877494158,8778.24378696427,8626.776694198226
260,8772.429360169486,8705.967480668985,8619.690092956642
261,8779.489710828315,8712.09721517651,8620.078588037884
262,8844.052258635315,8778.721024864257,8631.215299207035
263,8869.607163040151,8804.04402024327,8631.333277557025
264,9020.11802295279,8951.881135220458,8637.346928136345
265,9076.745288165568,9010.38996168357,8630.67132652726
266,9030.209404179124,8967.4615391719,8656.152496729146
267,9050.24416690596,8989.507921943276,8651.625919582739
268,8929.543486638788,8863.228230767283,8677.678472969352
269,8932.06707485411,8866.231433728346,8654.372739192178
270,8964.583530545977,8900.338913590194,8697.936189833008
271,9050.69670372411,8993.029137881726,8701.717286816229
272,9073.887252952818,9015.476858299216,8682.614544132914
273,9281.092198123955,9206.33061917141,8678.720715802852
274,9288.465895816673,9216.72379878734,8692.259576326824
275,9435.771897128025,9357.407595346913,8702.785958414815
276,9495.512730281416,9413.057379084628,8720.73580962621
277,9511.037736227445,9431.462907291449,8698.875504863772
278,9473.547915126386,9395.873323738326,8610.18109925062
279,9440.214326423527,9362.090969225776,8617.20378256587
280,9407.570955205165,9333.78380731978,8688.298798826958
281,9439.895368680063,9362.911933267747,8721.547213175907
282,9351.7761310291,9279.366325064968,8904.52548317678
283,9328.953707117274,9255.806528370736,8967.001239284995
284,9315.611477081657,9243.316505251469,8910.91651566151
285,9379.035163827975,9301.430142832956,8944.811290892254
286,9385.476866281895,9309.56644161402,8805.565254242836
287,9430.078179798906,9359.741011546326,8808.120662521875
288,9393.248075812891,9323.936470451305,8851.146610891063
289,9462.7050266661,9387.63611463146,8948.082823663479
290,9514.058192207893,9428.96722434454,8974.611035164642
291,9554.282539951402,9462.582731833234,9211.605459339538
292,9552.32014720158,9461.480436174155,9222.188156764869
293,9499.833139724631,9412.044059306929,9404.165079398532
294,9550.49479565379,9458.506898210871,9462.064906969212
295,9540.580023197124,9449.85905003552,9488.458459582784
296,9490.12855467484,9399.240823867533,9435.92025016538
297,9543.247269659469,9450.834597624009,9392.858511645403
298,9566.582385665482,9478.191737021723,9356.944613720005
299,9576.762801285297,9488.987877469704,9396.450679924605
300,9517.54007629034,9432.715744680678,9292.312537719692
301,9488.8910605909,9404.043925560156,9261.891376618783
302,9509.662449821168,9421.408154646191,9246.731204545937
303,9491.692813532482,9404.024494399466,9319.158184471866
304,9554.49370180492,9465.866491159188,9329.38263170882
305,9479.940325422192,9394.83073499598,9382.33766056596
306,9476.91253453091,9391.08638627345,9336.943770532327
307,9565.559118254172,9476.272424334864,9420.806099916545
308,9591.605514148352,9498.283080581336,9481.514450882823
309,9427.151592841194,9315.9010689921,9527.858139736458
310,9513.902653845818,9406.014686400298,9526.73022841125
311,9529.935814809753,9421.977649840252,9460.282181829152
312,9547.568023518395,9442.060226374704,9518.460636417603
313,9587.346745146247,9482.189399317684,9506.313532917671
314,9554.350715582395,9453.262131144653,9447.80244317565
315,9516.415391204846,9418.234223247247,9513.560737492156
316,9565.108955682066,9456.529489125283,9539.530618919893
317,9492.759928697224,9389.727768042136,9552.270415633173
318,9541.697629303242,9437.044090638434,9480.107424945132
319,9487.352173484494,9377.09959981144,9446.109190207284
320,9523.852850477768,9411.167340142478,9467.662097082955
321,9384.8052958836,9268.320896307943,9447.46010678063
322,9434.76264315872,9320.559304384537,9524.430990244056
323,9442.860395786363,9329.176254274123,9435.787399537689
324,9484.5323892612,9369.065448007084,9432.584572785936
325,9509.986548240277,9393.881298675038,9537.181839620422
326,9628.246302108117,9502.304206116614,9571.312028862943
327,9659.419898581991,9530.343337373655,9373.14551795683
328,9673.399123135436,9535.492604209554,9480.155462867717
329,9655.767226162365,9520.030851387644,9500.424672052915
330,9709.286990890949,9570.671542449854,9518.098046018777
331,9596.641973949923,9466.486269624507,9566.649576973648
332,9647.05262219561,9514.428485672017,9527.921520027145
333,9663.671790718918,9533.620713440943,9482.884969655564
334,9634.005006667912,9503.24193384334,9539.9649711558
335,9651.713152363383,9521.697326666896,9451.848798363078
336,9612.946349716283,9482.426981218612,9512.491257357247
337,9588.957469429784,9459.185046223674,9450.126526037444
338,9560.204546880794,9433.585844664023,9493.381684026404
339,9602.590506485298,9472.266700429844,9322.83820425588
340,9615.161167702585,9484.84126191694,9379.036699400476
341,9586.38927759544,9453.790750507957,9389.35776400963
342,9572.307677190824,9438.78149125247,9438.301202872084
343,9582.43265902831,9447.13217324792,9468.150011738984
344,9539.771052074064,9406.6984398904,9607.844637145166
345,9545.504685663784,9405.71998845856,9646.244420937366
346,9536.113961040088,9397.896091905175,9657.268017407505
347,9453.044006755488,9320.087000518144,9637.178513539777
348,9461.251194698072,9333.079046607832,9701.66427749508
349,9563.779483594864,9438.28068809458,9568.61560776018
350,9533.256895379698,9409.211937396716,9629.66522477878
351,9484.447254357843,9368.36546650206,9651.903155066366
352,9489.517389581642,9372.031160519531,9616.017942640294
353,9468.23252717904,9346.807443083011,9636.333784777466
354,9441.42811722806,9321.984880103868,9588.60123978188
355,9420.935878745604,9303.668231332143,9560.424002933963
356,9351.081336541112,9237.017069801315,9525.82040274558
357,9390.149400697372,9279.09158834288,9577.34087257752
358,9465.801473215331,9350.202714741545,9591.72991162375
359,9717.683606019857,9552.64294693604,9556.195286761493
360,9735.33793387626,9564.961005750038,9540.332992861164
361,9775.86282942396,9602.829003622895,9550.67939383291
362,9746.517883031793,9569.244014590708,9498.205302740038
363,9652.49723463066,9475.449961617824,9501.54697477724
364,9584.617523102876,9411.122533511018,9491.655564350467
365,9670.423693486317,9500.480283844568,9388.62934630038
366,9881.630761999377,9702.540042719542,9398.23674294761
367,9935.547685435917,9753.594870075556,9518.84165523622
368,9963.81944585593,9778.43676712166,9482.674903644414
369,10133.8100826812,9944.943345480257,9428.369832381368
370,10201.85603009368,10012.25310219511,9442.246277713972
371,10406.26785146183,10207.192153870436,9420.229629870517
372,10362.47090062343,10161.14392970282,9391.535046910489
373,10641.30684836395,10420.172963858748,9368.803893986613
374,10647.118276943773,10423.746602630164,9285.106545223884
375,10589.236574384777,10371.691051303704,9337.713131286388
376,10642.374357003517,10423.680037530874,9420.71405340895
377,10778.131336944758,10571.493036936688,9702.50317034013
378,10828.504906082082,10612.73020352688,9719.773244771735
379,10908.518867029072,10690.952267169012,9771.415165183846
380,10776.554203791464,10561.967056037303,9737.97143153549
381,10845.585183567438,10628.184424815594,9629.217567839934
382,10942.489419626265,10723.82856129748,9547.69215911351
383,11127.491356048758,10907.078261025245,9651.243884208949
384,11049.686480930555,10829.47409939442,9904.683190950183
385,10877.572821474036,10670.78765485784,9966.220265962682
386,10987.291856709575,10769.422166074206,9998.719670849969
387,10843.14075876604,10644.953312773134,10203.150123839803
388,10915.2586464808,10707.356943106195,10283.222614474797
389,10902.37114711544,10694.17902967011,10535.651624663024
390,10941.199079085623,10728.429046341416,10478.068051873655
391,11026.627377045294,10807.813224737754,10813.199384051946
392,11040.09399993411,10839.546443822454,10816.886033352126
393,10896.48531264161,10700.882619045502,10744.959679352853
394,10874.406725788887,10672.541732408752,10809.340922949936
395,10973.396595664475,10770.41649035483,10980.2844485692
396,10746.41710664094,10557.24963835803,11033.601755752365
397,10879.011684546998,10684.39647892835,11132.314048559903
398,10968.221589790888,10760.606245972944,10971.2482775974
399,10981.0701195635,10772.878882171,11056.073852684765
400,11211.28140579729,10984.30252989446,11176.803267413718
401,11165.58943296594,10941.0079075441,11414.792936808768
402,11120.806445770286,10900.017839886374,11312.81799844041
403,11127.83061143616,10911.365178799942,11098.527903075814
404,11079.356046511239,10855.944942285689,11241.116010887972
405,10968.65788100856,10752.582060068717,11058.710439467017
406,10977.514315252516,10761.507691463406,11151.002179353742
407,11002.147410725513,10788.986294836966,11135.018479390035
408,10911.207397466287,10702.66589390694,11181.246507602064
409,10756.398565611447,10548.175562422028,11288.462325003868
410,10875.323267207796,10662.153136678611,11301.885197951951
411,10914.214664118914,10703.14200035408,11117.553662201854
412,10899.830434921574,10694.01544635396,11081.0439997318
413,10920.9568888262,10712.17647496701,11203.824794096205
414,11010.88229290455,10801.991882880107,10920.32223532116
415,10991.468283989836,10780.244813583226,11082.998909233884
416,11028.617828424123,10817.91396853664,11200.120866730516
417,11022.159857019687,10808.990585521857,11226.409345585276
418,10990.30086355405,10777.11462715602,11519.605887374271
419,10894.63091461105,10688.764948667951,11461.559718383998
420,10845.375721892317,10641.285614070162,11399.193171923802
421,10869.308084306469,10666.153089448717,11404.903694327577
422,10808.454443210152,10615.428906682544,11348.780896172151
423,10768.695019582614,10578.129163610654,11213.674778648689
424,10740.474426617826,10549.330528227092,11224.328625483924
425,10734.11390617118,10542.836739718645,11253.5017820165
426,10756.064542823528,10565.681571674637,11138.213094203797
427,10858.839868862382,10665.283067250177,10950.799646151534
428,10838.941376790786,10645.355477167455,11092.979738110267
429,11052.834422441883,10841.86658341683,11143.023223341102
430,10711.287107649148,10544.971427022729,11116.46016242843
431,10975.622970822344,10787.691652424097,11146.36334990048
432,10691.424661733854,10527.628245193182,11257.404980626476
433,10667.837410556176,10506.34052593884,11235.963676312796
434,10681.22045406356,10521.48104584313,11279.560550298218
435,10823.82194057367,10663.032016844676,11267.959104334339
436,10927.61298463894,10757.27628303095,11230.587459134029
437,10920.22695810215,10750.461253046376,11107.88350375292
438,10940.383984803531,10767.174200649762,11041.347752991505
439,10804.880194651938,10631.359373047071,11066.209502217414
440,10769.974245700269,10597.740616732992,10994.14622758551
441,10757.876323991171,10582.401838096148,10948.590489039281
442,10813.57132477965,10633.404422172112,10918.50235521405
443,10853.625027009051,10669.29476201486,10911.770866530853
444,10899.74886455252,10712.631776080267,10939.007883730828
445,10887.074211516008,10698.239177452871,11063.261691520202
446,10898.619868346483,10710.151877266124,11039.365390123
447,11029.423734537146,10842.610397620932,11303.52744025373
448,10993.526375040508,10805.562011763812,10873.55602118779
449,11073.831744345072,10886.15986028175,11204.53660680606
450,11282.28125920036,11090.635197694428,10843.95027050538
451,11252.894279014174,11062.083087275618,10819.74117394068
452,11264.808977985587,11075.03418614124,10835.616246278632
453,11283.514571055484,11095.411610507132,11016.145198852391
454,11263.242545972123,11076.13617213484,11145.41777749453
455,11332.382659006918,11145.596843168843,11140.334991228265
456,11418.726714222485,11229.046092376338,11169.933861322424
457,11286.870402919822,11111.72060469448,11014.055689571582
458,11088.47802693199,10919.756684349764,10971.345120138178
459,11102.661259461647,10935.941850569949,10953.695087993054
460,11082.470139043937,10918.86098211322,11034.749064397362
461,10919.41625328005,10755.005971136296,11081.37989036343
462,11019.50050889487,10854.16670509346,11140.219849892625
463,11011.44163936972,10845.289675983684,11123.293943260724
464,11095.541760484612,10923.94330757525,11133.000057715592
465,11074.797814512562,10902.796415407574,11303.754897695622
466,11080.294968101274,10907.470434423434,11253.387015196497
467,10980.327809305309,10809.095866413509,11356.64165847208
468,10967.97077540906,10797.197795639431,11620.707224563555
469,10919.23307594677,10754.361841870896,11583.398459591986
470,10896.384505946742,10732.77494266264,11603.718855749774
471,10903.698270462346,10738.44516022512,11623.56520682556
472,10951.982318736287,10783.001104931169,11593.868248976709
473,11027.912981394536,10853.836599756916,11681.568240802138
474,11077.40402296353,10901.40115017098,11782.464509924352
475,11125.177476365274,10945.82375964951,11617.823456509148
476,11103.955488494654,10924.549814739123,11361.555465394766
477,11117.777444913474,10937.91608428991,11375.278419434802
478,11011.572917310265,10832.869502045727,11347.295788637572
479,11049.977126966556,10871.278092829903,11146.894732530523
480,11013.75831963384,10834.995055638887,11271.885805534504
481,11124.979349690188,10942.769369557427,11259.630733630467
482,11168.363582816552,10985.473016525792,11367.67460142497
483,11241.396314897793,11057.245707269523,11341.605784451269
484,11257.203892661177,11068.903864146158,11349.546869001775
485,11187.656894865208,11000.094730799934,11220.296735990389
486,11161.477605765118,10974.603662569321,11204.232005259582
487,11139.938507366713,10953.38974727067,11141.704650080776
488,11216.989065173397,11029.34245826375,11114.449859671538
489,11071.866581000097,10866.626752678145,11123.958879242224
490,11043.63663219961,10838.586678755806,11187.957692811366
491,11173.283803949378,10955.466502903795,11285.51379170124
492,11292.697486477942,11062.519580982986,11348.448990363224
493,11252.781278409466,11024.632551906434,11408.00165174429
494,11261.1593522953,11032.15148826079,11378.894760018004
495,11118.343590128006,10886.674877491314,11395.93479994801
496,11030.019585899405,10800.38956138438,11268.822477398617
497,10996.22655020642,10766.863171776433,11318.849751671589
498,10965.901608564644,10737.266652427632,11272.369167578128
499,10886.2364005731,10662.638776123224,11414.995890298418
500,10919.504936689757,10695.609928489679,11471.82850161267
501,10861.61437563223,10637.834735234028,11564.23219446468
502,10789.883292974975,10564.586546803765,11581.796996686402
503,10637.159590642548,10417.501698307806,11492.287415663175
504,10569.329436356496,10349.872003104047,11457.6419419603
505,10603.603002232288,10386.861132864502,11430.152690760704
506,10597.65017727199,10380.55605551958,11521.214369282488
507,10691.453301092775,10467.080288588182,11343.648191048418
508,10716.013915218387,10489.222496368177,11311.871273579463
509,10691.082785564484,10464.993888589255,11469.99529480507
510,10667.140417296248,10440.716566196848,11615.877265290084
511,10644.166834266442,10417.388237975149,11563.381032906284
512,10623.668364899377,10397.829408741358,11576.215187330685
513,10696.35737101195,10466.898008742965,11388.92406507632
514,10715.779133715849,10486.306548396286,11285.339504771033
515,10764.539743709773,10533.100755439918,11245.295149904076
516,10673.712004358427,10444.14706778348,11214.802817271666
517,10741.481300242773,10510.041141541958,11116.015272076193
518,10640.607653951853,10410.319307034906,11161.656172370578
519,10734.703895482937,10506.73890449456,11090.304459958052
520,10742.427786858145,10516.12250486521,10999.663366253291
521,10870.710515726092,10641.347259122043,10814.223293792402
522,10865.113822924064,10637.744498057926,10733.475918735136
523,10855.555854348187,10625.888031672706,10773.17362711382
524,10838.421501221586,10606.12044156944,10764.92612056117
525,10911.721177781556,10679.07062695429,10874.340017165609
526,10911.686123916832,10680.35019436478,10902.258054476852
527,10834.912667448853,10607.17044078818,10873.20812399904
528,10912.053797488865,10679.473822075395,10840.672009113954
529,10913.787036426036,10682.628093584255,10813.498783431436
530,10892.522346750564,10661.58995807895,10784.122951252451
531,10936.421488162849,10705.689285218275,10874.503573170508
532,10856.749900041534,10632.380028048994,10898.566660137356
533,10802.170261714251,10580.504863095552,10961.423032661854
534,10841.988465141603,10619.77296791074,10845.954581824304
535,10800.781727456731,10577.939810351269,10921.999541111873
536,10797.2161463927,10575.939987233509,10795.03594386782
537,10759.093649401848,10538.093704954525,10918.625446347074
538,10564.44980995014,10351.886215923205,10925.828903694832
539,10371.97462562543,10171.102614513222,11096.187222485298
540,10473.722602603513,10270.58399432273,11087.5629768996
541,10474.17979614281,10274.354222213478,11074.623025546458
542,10540.579818099011,10342.13555324334,11056.179638645785
543,10646.903900586816,10444.678141609083,11150.2589594973
544,10604.553524695108,10407.032288714943,11144.637222198508
545,10602.83468649945,10405.83424316897,11047.07444108187
546,10649.733113772258,10454.3370389012,11142.258886283336
547,10673.409360045727,10474.381414556923,11144.61064613096
548,10686.680161008793,10487.544249320536,11116.96894707949
549,10735.0364563448,10538.116191077266,11177.92211928424
550,10719.34819570993,10524.712105594552,11079.298163971947
551,10722.47556700378,10528.444828483303,11014.111419868645
552,10707.243944810005,10513.686127089764,11064.157152670365
553,10678.592065328245,10486.355263278165,11015.74190544974
554,10686.948148778836,10494.972968470967,11009.05611327271
555,10719.642585125976,10529.280957836474,10959.96592828145
556,10748.483814422383,10553.399608765463,10708.90291065608
557,10688.22739660408,10499.729912444416,10462.723781484028
558,10691.648066273465,10500.724529253715,10593.281745967748
559,10656.259668525225,10466.537728572335,10600.223797757855
560,10817.239803481069,10623.124652482584,10684.203801336625
561,10784.294458677323,10597.55155715224,10810.902062160429
562,10860.884163251387,10671.661752466684,10750.38334470819
563,11051.525607156467,10857.33711050716,10744.414489887095
564,11035.112260165515,10837.212381128196,10804.623622952426
565,10998.667731496003,10802.685206499253,10830.078247455933
566,11136.216875489832,10938.09489883097,10846.648474069852
567,11062.455463876677,10872.093460393433,10908.181443346784
568,11150.083987098473,10961.230971423362,10894.8614443637
569,11256.576780148933,11067.09120276367,10897.527169695688
570,11178.429345189274,10990.192563510958,10876.446710548997
571,11168.75101347903,10978.608022681115,10848.109175694806
572,11125.649456964737,10937.741910486064,10859.63429755435
573,11273.453240312027,11061.0562954239,10896.376703709322
574,11166.96742663021,10956.021283162854,10936.485330186732
575,11126.426246686662,10915.085164383756,10863.02196610836
576,11068.873795002517,10859.307698749752,10861.241775471908
577,11030.195366171529,10819.1509252896,10821.640132526898
578,10960.883258169912,10754.12152169894,11023.686436326869
579,10937.967663526591,10732.063919252532,10988.164717761312
580,10895.204061642376,10689.488025687457,11091.289146030262
581,10782.920784720156,10580.664170598928,11335.245763365449
582,10555.50546901486,10361.083887878469,11314.012850550544
583,10609.40777955116,10412.700932336666,11267.09148382271
584,10637.50126576591,10437.50569861314,11443.013440844745
585,10645.764036816854,10445.25565610529,11347.315805119948
586,10627.8428046894,10422.821230687097,11459.01853015918
587,10749.699529030937,10540.667346680695,11590.691119349563
588,10684.066690729014,10474.009579280182,11496.737229265394
589,10679.749837848673,10468.582271895393,11484.715532043327
590,10666.871329606673,10455.716680984062,11429.987269419282
591,10610.893762526828,10403.66378266882,11616.693682653007
592,10566.44311978948,10362.326939413451,11479.885621512658
593,10629.08055802666,10425.563736997769,11422.711819638227
594,10652.42779229042,10452.712810040292,11354.841716317847
595,10647.27675680887,10448.7746983058,11307.123346601771
596,10621.16700724054,10423.796158976818,11224.434239908956
597,10672.43743676896,10471.840246055795,11196.364882359409
598,10658.327180263665,10457.654970079995,11141.29858295185
599,10683.476025687809,10482.334901852553,11000.9322047446
600,10723.9383856474,10521.455762440584,10719.704436268968
601,10835.506387400375,10634.568053699048,10788.227801388683
602,10807.091964469346,10606.832931502442,10822.455338055375
603,10861.219616863555,10659.40415457392,10834.908398163643
604,10936.047534713489,10727.029634753704,10803.54834907224
605,10723.518447752953,10519.06095473815,10951.718597140076
606,10823.098717385092,10615.735063834098,10865.74136079395
607,10770.370842574099,10571.221310633995,10856.82808236739
608,10677.405765693804,10479.420041870804,10843.553888499235
609,10555.248914804772,10361.749699080005,10775.111980550508
610,10614.88644667065,10416.2886987874,10720.462439833644
611,10580.155767362816,10383.908350806982,10801.833920798092
612,10647.43020656656,10452.938288107624,10826.66325658946
613,10642.61328787894,10447.261425948069,10822.112486558031
614,10586.25880718873,10394.029950943535,10787.427660527528
615,10581.81295745783,10388.793128016112,10851.285645458704
616,10523.305481510568,10332.598122210746,10832.231434656782
617,10610.565439154141,10411.447009687694,10864.908688004904
618,10619.479990585574,10420.880292461738,10918.59480380148
619,10597.961237247817,10399.326858861434,11064.144239065845
620,10616.920455599618,10413.475698828153,11029.27234836611
621,10544.282018897326,10348.329993204688,11095.51539947522
622,10577.849190630068,10383.045833928954,11191.748138999385
623,10602.886564684122,10409.780483729512,10915.424061860283
624,10598.433699320234,10405.080469377948,11047.63043169568
625,10670.329518860519,10475.058599204816,10982.143423128457
626,10676.309672560476,10480.433598334375,10865.067862992266
627,10539.540001592472,10349.371612242425,10707.751602882374
628,10419.57427161752,10236.801575181615,10781.595703833049
629,10408.893935487136,10225.597393718352,10739.948054022772
630,10454.549672216835,10268.677707046736,10821.254240450318
631,10439.738975847826,10252.924754632984,10816.050759819102
632,10463.608689842027,10275.872644477997,10745.960759443034
633,10411.648940913172,10222.906122380442,10736.09980700189
634,10284.72917226285,10106.11189576838,10661.557220906712
635,10175.192008411508,9993.156698053384,10773.942824466452
636,10160.858111613496,9975.191934752593,10785.042884654173
637,10198.355396199768,10010.15266862618,10757.315806341132
638,10192.281581536416,10004.63073807151,10778.53999984638
639,9867.764315785416,9693.590152502438,10685.492135645482
640,9883.027405792702,9709.92443231599,10726.959849557898
641,10049.805663894555,9877.446040307235,10763.107026204489
642,10067.516710614584,9893.676758964535,10757.21462597973
643,10144.278182774411,9967.708415935049,10852.613934356274
644,10099.003025159553,9919.658730743013,10860.007926556862
645,10124.276941508611,9945.05834322179,10690.191513742207
646,10286.816906273862,10100.750276634171,10539.057041090038
647,10497.385059196971,10310.017086845468,10524.511018616682
648,10464.985306380571,10279.381896706096,10579.262839566034
649,10455.508080344136,10270.503759446998,10561.493955448874
650,10469.830086157654,10285.749308153701,10594.434082940506
651,10503.15463372322,10317.085727244154,10528.860206325871
652,10519.028265991328,10331.798783433527,10377.920945316266
653,10552.200784152248,10365.856135148577,10242.939895813395
654,10568.303866101278,10384.434184019514,10223.367044510956
655,10572.958791512709,10385.72563726162,10264.93320943359
656,10557.812136734223,10372.981492976529,10260.35682813874
657,10510.679778732312,10328.323984903156,9856.650160793592
658,10582.946853343625,10396.924500272184,9869.801740062034
659,10553.516158247368,10367.480198526791,10074.30826381092
660,10647.288569163176,10461.838340042448,10100.068714776997
661,10652.484828879144,10464.819504409948,10192.884448635188
662,10584.321497508088,10400.590029127028,10134.0772712226
663,10567.173872588868,10384.346614399186,10164.2310963507
664,10579.550924407518,10396.410164563002,10365.180808073916
665,10523.769185033678,10342.688228986066,10633.265651187829
666,10600.557830415772,10414.500446562271,10592.976308062722
667,10559.33004164536,10375.688990728797,10581.583160979351
668,10565.062792129258,10380.88592221855,10602.559218764747
669,10564.382366166641,10380.641104201151,10643.94479762438
670,10524.517625287335,10343.018845027396,10665.91923781148
671,10557.839547855485,10370.744695199544,10708.65166586631
672,10564.555260249694,10375.824428992992,10729.627809531845
673,10591.889834457535,10402.138845491549,10734.24430839683
674,10585.122877594084,10396.073088068277,10724.468112589751
675,10621.984506050569,10430.753001715608,10664.316765704243
676,10614.874661725977,10425.9516532928,10755.98107386809
677,10620.694080434438,10431.755818590274,10716.870613676563
678,10615.609293582604,10426.898769074614,10835.953860617052
679,10640.496944754092,10450.969078442393,10839.889561787177
680,10687.575786243053,10497.82812048294,10752.638594110716
681,10640.69443520496,10448.425845701047,10731.286567423389
682,10639.60063626864,10446.062138709098,10746.592657195935
683,10760.207414305503,10557.947546300144,10676.739937441418
684,10749.25766448488,10549.716919317289,10770.333036560049
685,10690.860391269956,10492.512463124853,10720.228638491455
686,10646.4826662142,10452.101555203186,10730.955927628123
687,10678.634975644998,10482.952452100157,10731.561200255946
688,10755.443536855975,10557.471542075187,10677.61512722581
689,10682.42741508054,10487.632450726554,10716.2299167919
690,10695.952168009451,10500.443597792419,10723.203418314808
691,10673.23947539884,10477.173792020229,10757.5215516502
692,10618.971803928896,10425.97584681758,10747.492803642515
693,10529.602460230351,10340.891092899205,10787.246626485923
694,10487.27900184061,10305.163688205876,10778.076082259304
695,10479.514523173733,10301.038569327417,10786.356900641693
696,10537.719794723818,10355.033673172444,10777.89365659236
697,10602.597033925596,10418.210151737308,10808.25886579586
698,10613.36576908608,10429.515364458086,10873.398805799185
699,10744.66464735884,10567.9306949786,10810.188392781876
700,10907.839917195271,10718.199287824867,10805.414515547984
701,10833.633704836537,10645.279428007923,10958.722968202546
702,10837.327736647472,10648.102634512816,10949.42448063798
703,10972.313487782523,10774.137187755607,10876.790832594206
704,10980.586867727365,10781.177836417573,10827.04227809797
705,10875.066721242632,10675.04567819295,10865.0581865787
706,10933.281037478,10731.674884834956,10956.946988653848
707,10926.331767918287,10723.251315184572,10867.533495709047
708,10895.371114016129,10692.792620187742,10879.63640027256
709,10792.04914226826,10593.658850576345,10848.256574240091
710,10842.03796281354,10644.992187560098,10782.991295312486
711,10714.733708411834,10516.900187535886,10674.371382222158
712,10687.078601618769,10489.04618400826,10621.523410327063
713,10737.696705856426,10539.932367284497,10619.13001042798
714,10755.50307843724,10556.300135735595,10691.608656568456
715,10737.482558889162,10532.025518504059,10775.751693710024
716,10747.021489629919,10542.026294476198,10789.193780191486
717,10731.665036824892,10527.263598823469,10953.160473239714
718,10738.487546568953,10533.050235273857,11155.705937390783
719,10775.399154053554,10568.205997808316,11059.1236718376
720,10754.222554208507,10548.927086943711,11057.52161805517
721,10748.662587882109,10543.825610983493,11210.046348515114
722,10772.73848506068,10568.028258886365,11219.665644237608
723,10858.703094820112,10655.869660807906,11096.128965492013
724,10825.17228831972,10624.485479721809,11169.596163406308
725,10858.73026703818,10660.133858278765,11164.023768411102
726,10868.70954906664,10665.336352574304,11124.360577206498
727,10876.494186625469,10670.873671072291,10996.381581479682
728,10827.900366392008,10629.277504608368,11055.87413833978
729,10765.597591548858,10573.443274276024,10894.578971271392
730,10771.691584057777,10579.108681552401,10859.33372214951
731,10776.837588102915,10583.243447799014,10924.236668927524
732,10760.736072177287,10567.047455998396,10949.22816336626
733,10801.150583689592,10603.965047656931,10930.323872911733
734,10828.03426009723,10627.144412267686,10939.696737890832
735,10795.615580449525,10595.826309488852,10919.8757578012
736,10879.122721363326,10682.189163970714,10926.286696004308
737,10896.173701863974,10697.433377540656,10968.375497227356
738,10864.85973830582,10667.143373980012,10944.360074384247
739,10916.642104939854,10715.082012991083,10939.702864335912
740,10927.874430398364,10724.415947089165,10964.84913754444
741,10961.95091661592,10754.483859556563,11077.016745276862
742,11176.812229984,10954.643954242765,11035.686988375615
743,11173.698491304958,10952.044418610396,11084.579247681177
744,11189.433887147155,10967.356046539859,11095.91724264547
745,11211.091515566404,10988.204656816755,11102.65810959716
746,11189.825609375046,10967.44358862979,11046.113639240828
747,11189.891481669862,10970.976816382175,10968.924599393104
748,11325.135217981056,11110.982365380672,10978.628182733004
749,11580.290205327236,11354.976417525775,10984.384102022756
750,11639.842682013108,11409.746101314968,10962.351794168058
751,11622.3332221051,11390.352656142204,11012.501711125486
752,11664.821518658757,11433.064616002714,11048.809781524098
753,11646.66747739572,11407.88248349118,11005.98537803701
754,11748.803836720544,11506.918918350912,11108.72869148522
755,11616.400949184264,11395.519254081197,11127.56122893321
756,11659.199763521274,11437.994465379012,11084.660532317286
757,11611.78824424928,11395.446256513766,11149.44352575453
758,11612.20644252701,11394.930995184988,11162.390181978008
759,11467.791362757793,11267.497791286762,11206.09893414871
760,11550.944074506817,11336.204009731504,11483.145299783288
761,11552.538845311588,11338.445546924277,11476.004312340048
762,11580.245693923507,11365.062364046087,11494.580967580941
763,11634.403248429106,11416.445532011188,11523.272259508984
764,11652.55422927169,11433.854481334656,11494.61652480218
765,11719.052857034723,11492.495804230948,11493.95811107636
766,11728.339084680052,11500.361015568293,11668.818797918058
767,11677.188289415471,11462.752804552338,12001.501225484206
768,11832.317331828228,11600.610881694518,12078.68749156988
769,11919.844280910203,11686.246064163162,12062.40812964192
770,11888.615102014504,11658.586763222238,12116.65303460196
771,11749.033035768687,11525.135314159495,12077.243618632412
772,11720.9367492356,11499.28169323688,12216.38343053725
773,11742.494183554736,11518.153823674098,12056.64896249769
774,11517.453760105229,11311.787647140023,12108.64466017131
775,11543.808915813033,11332.568864693714,12059.99745203848
776,11562.51266721601,11351.496076855256,12058.830267971896
777,11623.005920210888,11407.686568368124,11881.649708739998
778,11674.495745581817,11459.754020968769,11979.43029904451
779,11822.55650997509,11602.355254922471,11982.179987025644
780,11771.10061975704,11547.88161580346,12018.131035933024
781,11858.136860199347,11635.394447071045,12078.839579231915
782,11884.079123964972,11662.433612023631,12099.065360842318
783,11978.588876600314,11754.091182891536,12180.633835314822
784,12152.560963627991,11925.000107090897,12191.612808903052
785,12108.736169506588,11883.172322543527,12134.891639299727
786,12037.208071140964,11816.211923087303,12333.44281417582
787,12219.28906752948,11991.982176672229,12448.570080198402
788,12228.288649646343,11991.644507621151,12406.367691270383
789,12291.531898336978,12037.69493295811,12226.98767243902
790,12259.40303243206,12006.33174276586,12192.958271785705
791,12344.484251603662,12089.560988568664,12217.401519211704
792,12662.97333892099,12368.054443332918,11936.454712399953
793,12658.762367986166,12368.096458454856,11967.794271070225
794,12667.431387426272,12370.396354206516,11991.77614113812
795,12502.10585506801,12225.74034603959,12069.006327961835
796,12424.117173445457,12153.163144436701,12119.997564059266
797,12412.054023854362,12144.480993375248,12321.99476646557
798,12488.084420510862,12216.92367535432,12258.489791609369
799,12467.338790971136,12195.971914067874,12373.016585314155
800,12437.758054322892,12177.577901903023,12399.400637156326
801,12408.374710877037,12145.3543429723,12540.176999933354
802,12739.894578100506,12389.637400738276,12775.117805054882
803,12753.485684917436,12399.912026485235,12724.362706166565
804,12823.15996349829,12464.79193705044,12633.51821254076
805,12957.863248160942,12601.425104135662,12874.30220097459
806,13002.436076291073,12649.11337565649,12869.896782981185
807,13070.925384326869,12710.671616558642,12936.09656265082
808,13047.162784898344,12690.194989600102,12897.015181728935
809,13027.493398913817,12673.71952980682,13014.634297138307
810,13092.924616960903,12733.271230948449,13401.831899079956
811,13202.573566072107,12830.28960447912,13398.306250824444
812,13153.47533098561,12793.028728662868,13406.67074452082
813,13189.177791596472,12824.858209701833,13205.91751009328
814,12974.087856900487,12614.957548433775,13113.857964477944
815,13041.606239537776,12682.854941128975,13102.351170325552
816,13002.783304460858,12647.722280905522,13207.18088152042
817,12965.499019771674,12611.872293787954,13172.249779379972
818,13043.93847651275,12688.042920171658,13138.837885972487
819,13045.270839412604,12688.47634316942,13102.64795754291
820,13071.916648321336,12722.119174762087,13426.401240328372
821,13252.811638583304,12893.063157624152,13445.778950740052
822,13253.374380680512,12897.726771198642,13551.102525436985
823,13148.133722902649,12799.159207511348,13696.66287039598
824,13182.790464819802,12829.827946643638,13777.486285900111
825,13032.388007421147,12686.467031221964,13868.523244560954
826,12886.639489785024,12550.145366091832,13827.2009995492
827,12941.462830019149,12609.0716487429,13804.476769641915
828,12975.554587822768,12640.483141632223,13884.15813488363
829,12823.965865865393,12491.518641172528,14016.535496876217
830,12973.974841136744,12631.846998034498,13969.79921915584
831,13060.221410351216,12712.145778892762,14012.908634670704
832,13054.004865212812,12704.015099745744,13733.612490109766
833,12973.897858233591,12628.577247109888,13826.042398610412
834,12718.122795719886,12376.825193334927,13767.142961010546
835,12800.066625197522,12458.758677840638,13706.437247279904
836,13031.38099453447,12693.286087649216,13812.53629472055
837,12809.866502977651,12492.030619322426,13817.4169531377
838,12878.840224483623,12557.473639154166,13835.843020717843
839,13059.516747344633,12730.92707128805,14072.065756811477
840,13047.943105394324,12716.718095029371,14065.639704314006
841,13041.902602144655,12710.569058486846,13924.676548361182
842,13057.336629153791,12726.05723086645,13971.565046969961
843,13065.856647975976,12734.719002459004,13782.183472354964
844,13115.27044681962,12778.64133961221,13591.905718785683
845,13108.572047943022,12776.92881009055,13672.743867218804
846,13156.453538543949,12824.693563486902,13714.504075508565
847,13149.762081329778,12820.7050912929,13519.119856294366
848,13158.196687849397,12835.301334506345,13712.297438772317
849,13242.673359472747,12907.832021825621,13842.252775112116
850,13314.612812909918,12981.83164186275,13836.121557442037
851,13421.17785057862,13080.30422696756,13731.326598084648
852,13428.48101524233,13086.430689886436,13387.983041106072
853,13463.093186780818,13128.216375185364,13490.260943352172
854,13402.239644712628,13074.828001859834,13783.694113423517
855,13216.072287174267,12903.99774500338,13508.273097931222
856,13171.16374686047,12857.425320788834,13595.702425202991
857,13136.452164864588,12824.558026386432,13831.219535056143
858,13169.179501913279,12859.767825284429,13822.52404177078
859,13253.69550411488,12931.389408208888,13815.19989949603
860,13180.7194314128,12863.72194933982,13832.86513683195
861,13014.250425380891,12706.290009776125,13842.11719702911
862,13016.050408226016,12709.08380899016,13902.99612355241
863,13059.236939414244,12750.768258109843,13895.3268071733
864,13088.330731447044,12776.21572788419,13961.85593495005
865,13078.914568174534,12768.790536294751,13953.403327517288
866,12946.433269002207,12635.063402688134,13982.2075860667
867,13039.817085485542,12719.262132409644,14087.325560781754
868,12962.283069302217,12643.055573345197,14182.59602603942
869,13080.76136515696,12749.843875739283,14327.608429193117
870,13152.575299681524,12817.870505398552,14334.905093099194
871,13174.172508610276,12838.756944501827,14389.127362823065
872,13123.668730343594,12786.528585423435,14315.883249035154
873,13066.487710626505,12730.880858813103,14076.329580571208
874,12962.449601932634,12626.157531754629,14020.845257122905
875,12817.757635071508,12484.776320984494,13978.083829107289
876,12831.693238261576,12500.451323988244,14017.876639702645
877,12713.559631046575,12385.785307645692,14136.261332451571
878,12717.028104672292,12389.730538371963,14037.895205546625
879,12696.302990147557,12363.45707796783,13811.5545415263
880,12571.50920016446,12247.365801771815,13814.501347910553
881,12542.157175058666,12222.452304235516,13875.663754917448
882,12633.136958889148,12308.464312984182,13917.036967430757
883,12627.77462923328,12308.557900136777,13900.000932892799
884,12575.65792278474,12259.064284259612,13726.371016169063
885,12502.532906564751,12193.688668619045,13841.356370306035
886,12335.054121834874,12030.601988580773,13732.935080648474
887,12378.657876667556,12071.881365270649,13890.236470658907
888,12500.050919507165,12187.675545571916,13996.353980450202
889,12536.978889866992,12222.05862499813,14023.85817463264
890,12587.089306604195,12271.380333401752,13956.422155369713
891,12601.851625984633,12282.37907091938,13875.087407184814
892,12614.370281287976,12291.806457294084,13732.589100005453
893,12642.13416721465,12317.223068445588,13549.174484509807
894,12730.7473781448,12404.053584873656,13565.91460227221
895,12739.000254634597,12413.782256674953,13408.491911577838
896,12795.929342044576,12460.556743526313,13408.167737715328
897,12971.704551268012,12630.620656306895,13367.041448611411
898,13032.624777022991,12687.52329944848,13182.80837790553
899,13132.086777241551,12783.126597547318,13136.04241082813
900,13052.28288187125,12700.131712835237,13256.34413876817
901,12986.69586601764,12639.054057548432,13242.286675769854
902,13222.779482187098,12864.574496857636,13180.959084447813
903,12937.453452375286,12584.21760341084,13067.04595528293
904,12909.375126614692,12571.99625739168,12855.152904451408
905,12977.798506317546,12633.610070066028,12904.961862245013
906,12877.674438641156,12528.474454166735,13063.638703860472
907,12987.068117514977,12636.40488134602,13110.340002185974
908,12924.54782637011,12583.848781297227,13175.1402931124
909,13047.823356712644,12704.897919930694,13186.917892244766
910,13113.460074081562,12757.69347702779,13214.639076346495
911,13076.574173040344,12721.35915798867,13240.088245516285
912,13042.836836674012,12688.938975174917,13359.472724112133
913,13086.698470326744,12727.6704661965,13368.889122020139
914,13278.98651924847,12931.543370819583,13426.939638260736
915,13285.792359555306,12937.23528613322,13655.090024068046
916,13365.764947385494,13012.581418845191,13729.09741492202
917,13437.99745421526,13078.92280322833,13863.24756990546
918,13401.78181390464,13044.392976007586,13740.79392696243
919,13417.653240609468,13058.271448502872,13651.320769164307
920,13408.589982284077,13050.217515725539,13943.857227492615
921,13392.766050758424,13035.03116299082,13564.624891302885
922,13602.533916399838,13227.318799801184,13534.192883854936
923,13526.607416377576,13158.86306328788,13629.664724226586
924,13544.744755443156,13179.060749783392,13500.974061096693
925,13724.093115958429,13344.440047507256,13652.678138178982
926,13750.77176688993,13369.330367903587,13577.352549427593
927,13650.449200860654,13273.136012127225,13738.769315532249
928,13682.82805205868,13301.966318255403,13816.572027869082
929,13624.710739840772,13252.626846145147,13772.830537253709
930,13762.13037353449,13369.76697948938,13721.57503724126
931,13585.931249080451,13197.034144026764,13789.976550634266
932,13661.441354709306,13283.06892608424,14061.107417227093
933,13756.657327244038,13370.349014688656,14072.575202662549
934,13784.152231829197,13397.580494274143,14177.71399750364
935,13796.067797899674,13413.131271455672,14278.234580789443
936,13987.391079887842,13584.232458998387,14246.392012408884
937,13871.263758265643,13474.045998386977,14256.49522970422
938,13811.986864540517,13411.730549962549,14247.77156671871
939,13910.521343942934,13513.073685280153,14240.249759478496
940,13748.991973910654,13369.734477956414,14518.039132058666
941,13678.878417757023,13302.719807845671,14412.428400118028
942,13719.45878326227,13339.52748275987,14450.357141874389
943,13737.496068078426,13356.088131776713,14704.217384564234
944,13701.137017222612,13319.789661708186,14744.50051779522
945,14023.505222673522,13632.636586146507,14641.146743919178
946,14187.22569037933,13777.93565376391,14695.55795346402
947,14285.031791397334,13867.340269370889,14631.48586908737
948,14337.623488536747,13922.55535332161,14786.40230269434
949,14372.025936557016,13952.705070246417,14561.112497998212
950,14471.796236736925,14047.555966366925,14640.038480613111
951,14375.10889779197,13951.623114270762,14763.10215404216
952,14481.4108579059,14047.106888891063,14806.180189314318
953,14525.072532886605,14088.016722916416,14824.541059322566
954,14614.170701572035,14168.04095707631,15074.956819253435
955,14491.66864346049,14050.392244212424,14925.947982081685
956,14426.60753947484,13998.898296732154,14807.890118907311
957,14139.870645726382,13740.006512371292,14982.378745449696
958,14030.386702685979,13629.958023565432,14770.440537282002
959,14041.406073330201,13639.53391088952,14675.762966085143
960,14173.117983539361,13770.332855397364,14752.30819746881
961,14144.12512675471,13739.38356852101,14786.080121965222
962,14117.27859991137,13714.338816106016,14729.786615140323
963,13786.650514991015,13394.099709006678,15174.151683005792
964,13754.060343637075,13365.437307334434,15373.441174465392
965,13861.504683837416,13470.313130902225,15513.96840493646
966,13888.52263626334,13496.809669272974,15597.683782085516
967,13891.870860555839,13497.25362270551,15629.593042701496
968,13781.500204141106,13391.12910866755,15774.865463342358
969,13851.093573228873,13457.745584330896,15650.548323595243
970,13897.169542072435,13503.250977145495,15809.854921557877
971,13932.368393422654,13536.647476724032,15866.311241948277
972,13967.870996532743,13571.962136316048,15979.75224088096
973,14070.945058987085,13655.166671393794,15828.618453888974
974,14141.89029370898,13717.875258284295,15743.595691646542
975,14140.487238253072,13714.751577832263,15365.69058170907
976,13993.882132458206,13565.562399373255,15200.504655509458
977,14012.97919211247,13582.589999414107,15220.013692223802
978,13708.693804848988,13272.81953367937,15411.371282393584
979,13636.09257771762,13206.535318154294,15384.064835020243
980,13652.101993429764,13219.625392413327,15349.753126872434
981,13799.810681803669,13362.264780696669,14873.525732541995
982,13814.990090297304,13377.254100724676,14815.505759932126
983,13790.775535540264,13355.080636879433,14961.93787502703
984,13625.943056251283,13193.869424377515,14989.760414847842
985,13618.353484046933,13184.362764484997,15007.371755928438
986,13733.152288420775,13299.9487692138,14851.725441107172
987,13522.327274163245,13097.3383954475,14936.746265052205
988,13450.978222475587,13029.319125748749,14994.953036395578
989,13363.279315283067,12948.217240547392,15036.077053977804
990,13485.161199524044,13065.674350757186,15095.173812653142
991,13511.71470230966,13085.991522868871,15219.7019055141
992,13531.49435537227,13103.33430080024,15344.044562320449
993,13572.969694512189,13143.91844040639,15345.993155836764
994,13820.090847183224,13383.844259917278,15129.13948739523
995,13789.88293228873,13352.806584165895,15157.828738055548
996,13747.93164825999,13307.8795908327,14736.063866416136
997,13745.95003515852,13310.03531548546,14625.774869984143
998,13638.171616587442,13204.535991825793,14650.161807307872
999,13563.836546452503,13132.26415837518,14852.76316028762
1000,13533.730647002565,13097.437436600027,14876.075952915637
1001,13553.604115738424,13116.054593021188,14831.826732094312
1002,13636.977699569694,13190.866821962178,14604.855648577506
1003,13706.896855937106,13255.138433992272,14600.698280148865
1004,13601.468252562912,13146.990688740054,14766.258203261665
1005,14123.643907358366,13638.325744806518,14469.523245849256
1006,14394.84026648773,13887.92494255531,14369.695163057751
1007,14430.297855597182,13918.07923646478,14238.181632725642
1008,14191.430635131395,13678.507660015051,14409.62488243386
1009,14259.38013041943,13741.593100687038,14457.311467094334
1010,14233.816520899005,13715.475926108664,14479.955833360294
1011,14241.621774955993,13723.08455754503,14553.637753465722
1012,14241.85454268395,13722.206189563069,14891.144449510972
1013,14261.084201471649,13737.844884266113,14854.6142086041
1014,14245.849071984232,13723.998988482745,14785.293894143872
1015,14156.560240182298,13644.381538573378,14787.860842028987
1016,14093.365846917624,13583.68501536034,14646.335885689294
1017,14154.566065356212,13644.13531310065,14540.567365657413
1018,14159.888061236086,13650.474376565246,14491.583818140734
1019,14125.79505492808,13611.921763089756,14517.421653535586
1020,14059.858595238422,13546.46052162278,14637.85718422666
1021,13771.077458086913,13256.29562661114,14740.898112459005
1022,13730.085229880928,13217.608635532017,14599.978371887535
1023,13795.604475078531,13283.389852464152,15352.69909029222
1024,13553.078259998443,13071.973210105129,15764.442160223382
1025,13460.738331028226,12981.981521383892,15806.871964779682
1026,13510.932193405186,13030.13016138616,15466.84577353247
1027,13545.747564939882,13063.519588670362,15553.049319052134
1028,13529.889962350537,13048.111144671831,15521.512701988431
1029,13642.268580014916,13150.477579679691,15551.690498511647
1030,13822.03602970369,13328.927030605242,15552.244307871346
1031,13823.44725961057,13328.465976513462,15580.261602186336
1032,13832.987018708289,13336.02399782693,15566.763595266171
1033,13755.112834496531,13261.179124364737,15450.750875563755
1034,13792.07680891664,13296.198994567878,15371.479357610682
1035,13873.073442043871,13373.606301515783,15465.87223742936
1036,13794.147598587257,13302.224028933866,15474.262888828403
1037,13697.848259568857,13207.85389074367,15429.849346833384
1038,13783.252218886986,13287.464978296988,15331.08503770129
1039,13870.938952820234,13375.188132019886,14939.432797399832
1040,13881.043118698188,13383.42246917619,14898.135072560975
1041,13786.262584337434,13287.694344770312,14984.502173421335
1042,13701.3965067104,13206.504428920827,14619.749437602351
1043,13823.564206787694,13322.987822103283,14484.73488153484
1044,13778.70660461995,13277.790216637439,14554.03469172856
1045,13551.69479454697,13054.222688643662,14602.92675982136
1046,13513.20264209035,13021.061090442097,14582.423801632638
1047,13462.531474370107,12969.512376871624,14751.55828520007
1048,13466.56499242677,12973.49389502421,14992.225003341064
1049,13502.677872865252,13006.530039374344,15002.423399762214
1050,13512.381212843982,13013.578559034077,15009.48001888155
1051,13545.073498720056,13043.3987964579,14910.71362162489
1052,13539.306860101211,13036.009005172506,14969.023174024023
1053,13533.591038461327,13028.25816350294,15085.56547686626
1054,13509.694981463155,13005.13218868068,14950.806454714628
1055,13544.947589826286,13042.202252619009,14811.168120178158
1056,13653.343155000155,13145.574360006038,14930.167336351731
1057,13586.457208835627,13080.49059751931,15060.341377181898
1058,13604.317585056231,13097.261313152923,15073.525368251723
1059,13609.72557149274,13103.71552385274,14921.663555456249
1060,13591.419168865335,13086.661787995345,14797.003343126564
