portfolio_value,return,reward
10000.0,,
9995.114879586466,-0.0004885120413533872,9995.114879586466
9972.750377777713,-0.002237543247694915,9972.750377777713
10081.147584434053,0.010869339204346396,10081.147584434053
10160.950286718642,0.007916033528544773,10160.950286718642
10061.223947319266,-0.009814666599612214,10061.223947319266
9984.106285028334,-0.007664839058818345,9984.106285028334
9965.31176514156,-0.0018824438913434237,9965.31176514156
9815.472448321925,-0.015036089221389768,9815.472448321925
9640.014155789431,-0.017875684889981015,9640.014155789431
9456.764855924004,-0.019009235557540652,9456.764855924004
9341.18747595504,-0.012221661607305763,9341.18747595504
9468.508102342159,0.013630025809336706,9468.508102342159
9539.60830585144,0.007509124219019491,9539.60830585144
9685.392308737288,0.015281969470006955,9685.392308737288
9285.73679109141,-0.04126374078676658,9285.73679109141
8866.402368815114,-0.0451589821799171,8866.402368815114
8793.50119297078,-0.008222182212341469,8793.50119297078
8774.64178772138,-0.0021446980941420206,8774.64178772138
9059.364187914582,0.03244832177555331,9059.364187914582
9027.800137468696,-0.0034841352871091236,9027.800137468696
9045.910887555967,0.00200610888715911,9045.910887555967
9192.975164792559,0.016257542116504882,9192.975164792559
9091.165478449702,-0.011074726573043446,9091.165478449702
8929.687375211153,-0.017762090418585796,8929.687375211153
9089.040634526064,0.01784533462585448,9089.040634526064
9134.061571177737,0.004953321088768669,9134.061571177737
8980.572786523691,-0.01680400153403548,8980.572786523691
9111.754739679245,0.014607303595646735,9111.754739679245
9197.852515375986,0.009449088365143125,9197.852515375986
9191.232811766267,-0.0007197009952761192,9191.232811766267
9151.872908740466,-0.0042823311988588394,9151.872908740466
9222.14951231938,0.007678931326919633,9222.14951231938
9165.446889402298,-0.006148525660024974,9165.446889402298
9063.261397847844,-0.011148991728118339,9063.261397847844
9126.579155787584,0.006986200128220425,9126.579155787584
9210.792811322752,0.009227296898177162,9210.792811322752
9182.366705782313,-0.003086173592515722,9182.366705782313
9230.67326354117,0.005260795969783938,9230.67326354117
9324.973440591046,0.010215958723437632,9324.973440591046
9376.642784259246,0.005540964164389474,9376.642784259246
9321.487657471804,-0.005882182787215995,9321.487657471804
9385.54658103744,0.006872178124302802,9385.54658103744
9355.671984924013,-0.003183042762132437,9355.671984924013
9442.336367067739,0.00926329848709744,9442.336367067739
9491.394901416017,0.005195592747509087,9491.394901416017
9547.487691571543,0.005909857374826575,9547.487691571543
9593.667664487928,0.004836871688994461,9593.667664487928
9505.882091354672,-0.009150366283606444,9505.882091354672
9472.617857492109,-0.003499331628867659,9472.617857492109
9257.400120258073,-0.022719985169022194,9257.400120258073
9344.264555254003,0.009383243012888995,9344.264555254003
9307.787442701225,-0.0039036900482733333,9307.787442701225
9347.209149242663,0.004235346669025088,9347.209149242663
9580.425643600194,0.024950387932255392,9580.425643600194
9576.973257894593,-0.00036035827989624574,9576.973257894593
9612.854395011724,0.0037466051278312196,9612.854395011724
9632.818677052368,0.002076831835818245,9632.818677052368
9670.85284263763,0.003948394219842287,9670.85284263763
9643.988358886287,-0.0027778815569297465,9643.988358886287
9538.01540377304,-0.010988498862672186,9538.01540377304
9570.492812697863,0.003405048906921947,9570.492812697863
9519.319598724189,-0.005346977943056243,9519.319598724189
9465.045288530588,-0.005701490493172972,9465.045288530588
9549.346985705095,0.008906634316548012,9549.346985705095
9599.055443212097,0.005205430023792586,9599.055443212097
9565.062535900219,-0.0035412762758772975,9565.062535900219
9520.243738881272,-0.004685677364965504,9520.243738881272
9754.574005311168,0.024613893599475297,9754.574005311168
9759.804944220223,0.0005362549821455401,9759.804944220223
9765.466404983004,0.0005800792941188217,9765.466404983004
9861.195699602484,0.009802838968411283,9861.195699602484
9824.17184394503,-0.003754499635266956,9824.17184394503
9771.938144533378,-0.005316855226208796,9771.938144533378
9744.945769350976,-0.002762233528617184,9744.945769350976
9688.740438902321,-0.0057676391207253635,9688.740438902321
9725.249513515106,0.0037681961698750295,9725.249513515106
9773.788230717912,0.0049909996792732595,9773.788230717912
9748.753422281716,-0.002561423252195397,9748.753422281716
9744.467337963544,-0.00043965460326202854,9744.467337963544
9766.140054920872,0.002224104838741948,9766.140054920872
9729.208124332445,-0.003781630242934976,9729.208124332445
9773.936697217,0.00459734978561003,9773.936697217
9734.541432548112,-0.004030644548793103,9734.541432548112
9751.234494437691,0.0017148277610452712,9751.234494437691
9751.372684702528,1.4171566165825099e-05,9751.372684702528
9747.070762330552,-0.0004411606971730482,9747.070762330552
9718.813554759878,-0.0028990461093068784,9718.813554759878
9757.086820981867,0.003938059517897089,9757.086820981867
9721.050040088054,-0.003693395534445671,9721.050040088054
9766.807277093834,0.004707026176913602,9766.807277093834
9755.701082137844,-0.0011371366958410128,9755.701082137844
9756.424868510752,7.419111828198045e-05,9756.424868510752
9760.448135969353,0.00041237107986011524,9760.448135969353
9730.711862701231,-0.0030466094234482036,9730.711862701231
9759.93554438492,0.0030032419103586225,9759.93554438492
9784.951139715138,0.0025630902188294477,9784.951139715138
9901.605074415016,0.011921769770152899,9901.605074415016
10012.762262864844,0.011226178747226525,10012.762262864844
10015.481406371819,0.0002715677687723997,10015.481406371819
10052.093915450723,0.0036555915380773246,10052.093915450723
10030.161777413114,-0.0021818477047749756,10030.161777413114
9950.923719348124,-0.007899978068491811,9950.923719348124
9986.02335405787,0.003527274019948466,9986.02335405787
9980.007996223812,-0.000602377705396988,9980.007996223812
9979.67897680555,-3.29678511666627e-05,9979.67897680555
9982.678854016567,0.0003005985681491822,9982.678854016567
9961.980972369085,-0.0020733794956405735,9961.980972369085
9906.60312201768,-0.00555891950657246,9906.60312201768
10010.969856809535,0.010535067722648386,10010.969856809535
10001.127281684987,-0.0009831789791929172,10001.127281684987
9802.817584443297,-0.019828734467248782,9802.817584443297
9725.869911888649,-0.007849546509644378,9725.869911888649
9746.919717112585,0.0021643107932387785,9746.919717112585
9865.441761413202,0.012159948757198436,9865.441761413202
9917.327292920429,0.0052593216565493045,9917.327292920429
9871.947728701005,-0.004575785680867712,9871.947728701005
9871.705825094328,-2.4504141768655834e-05,9871.705825094328
9878.008200317305,0.0006384281840080122,9878.008200317305
9864.202331221899,-0.0013976369340292067,9864.202331221899
9826.327234245162,-0.003839651266768425,9826.327234245162
9554.833473129045,-0.02762922042428517,9554.833473129045
9564.292058055311,0.0009899267164482659,9564.292058055311
9438.66392593593,-0.013135120859632518,9438.66392593593
9392.105948147064,-0.004932687311912199,9392.105948147064
9458.70618084086,0.007091086180404061,9458.70618084086
9423.062342927507,-0.0037683629485765514,9423.062342927507
9331.681959954056,-0.00969752503463345,9331.681959954056
9208.048327068294,-0.013248804815286402,9208.048327068294
9225.670554761718,0.0019137853177444626,9225.670554761718
9202.254401941002,-0.0025381518537567756,9202.254401941002
9182.21859250933,-0.002177271846281971,9182.21859250933
9243.456669413436,0.006669202686381492,9243.456669413436
9234.748901167777,-0.0009420467425862902,9234.748901167777
9213.660148100984,-0.0022836303718151707,9213.660148100984
9159.872148255232,-0.005837853684763726,9159.872148255232
9171.165603662083,0.0012329271876355765,9171.165603662083
9142.539282853802,-0.003121339428965342,9142.539282853802
9085.74178695561,-0.006212442095240724,9085.74178695561
9053.361745578302,-0.003563830244856438,9053.361745578302
9064.009684692277,0.001176130968054414,9064.009684692277
9192.150883633527,0.014137363418494605,9192.150883633527
9167.474537210146,-0.002684501890337451,9167.474537210146
9149.199715627386,-0.001993441215307914,9149.199715627386
9212.814586927168,0.0069530530840991546,9212.814586927168
9268.704789156964,0.006066571914852497,9268.704789156964
9267.538232672192,-0.00012585970869802792,9267.538232672192
9455.677501623411,0.02030088943015576,9455.677501623411
9383.669036380139,-0.007615368145847695,9383.669036380139
9385.860166085642,0.00023350458088493135,9385.860166085642
9243.678509486106,-0.01514849508554225,9243.678509486106
9202.151170435545,-0.004492512262076704,9202.151170435545
9211.681351935842,0.0010356471355214734,9211.681351935842
9358.584563178702,0.01594749162833194,9358.584563178702
9400.973661278962,0.0045294347466858925,9400.973661278962
8989.133060608297,-0.04380829215243596,8989.133060608297
9144.633770179604,0.01729874377460634,9144.633770179604
9118.766479493335,-0.00282868525261456,9118.766479493335
9021.676308592363,-0.010647292166030638,9021.676308592363
8938.009952880564,-0.009273925692957277,8938.009952880564
8965.01202548276,0.003021038547120112,8965.01202548276
9074.941214651359,0.01226202361537577,9074.941214651359
9024.183316296794,-0.0055931930746413805,9024.183316296794
9131.090003596728,0.01184668834318437,9131.090003596728
8968.156871213132,-0.017843776845854913,8968.156871213132
9048.270946420991,0.008933170589936645,9048.270946420991
9102.866013437697,0.006033756873549636,9102.866013437697
9120.410451227905,0.0019273531835257013,9120.410451227905
9097.447994233906,-0.002517699956245628,9097.447994233906
9093.687574358677,-0.0004133488729601124,9093.687574358677
9083.209673413048,-0.0011522169482899051,9083.209673413048
8978.678550621627,-0.011508170189816121,8978.678550621627
8971.08367074582,-0.0008458794724622219,8971.08367074582
9045.754747750663,0.00832352921290214,9045.754747750663
9040.854580938336,-0.0005417090059339713,9040.854580938336
8997.017895718005,-0.004848732476325417,8997.017895718005
8964.1590317972,-0.003652195016355809,8964.1590317972
8821.817457692188,-0.015878965734555245,8821.817457692188
8316.151477019268,-0.0573199324399991,8316.151477019268
8165.004831949699,-0.01817507118373746,8165.004831949699
8014.769641038502,-0.018399890018843103,8014.769641038502
7658.273477680178,-0.04447990139765665,7658.273477680178
7807.06118958204,0.01942836232415818,7807.06118958204
8084.986209982436,0.035599185615615106,8084.986209982436
8080.520773341725,-0.0005523122148553749,8080.520773341725
8107.831857077516,0.0033798667810983115,8107.831857077516
8234.009828246511,0.015562480006149996,8234.009828246511
8187.445072484326,-0.00565517369222062,8187.445072484326
8272.3623830946,0.010371649502194233,8272.3623830946
8099.049431133282,-0.02095084136008112,8099.049431133282
7874.23874301986,-0.02775766341778779,7874.23874301986
7897.2911304285935,0.0029275702910541734,7897.2911304285935
7696.175278863774,-0.025466435039973635,7696.175278863774
7959.7796885361995,0.034251352148432584,7959.7796885361995
7848.703472747077,-0.013954684694237995,7848.703472747077
8001.852680551322,0.0195126759898654,8001.852680551322
8548.820121960296,0.06835510015554153,8548.820121960296
8608.689334798713,0.0070032135410855135,8608.689334798713
8430.58277430902,-0.020689161097931237,8430.58277430902
8404.309207684371,-0.0031164591260183583,8404.309207684371
8375.248762907955,-0.00345780290304467,8375.248762907955
8074.6343837838995,-0.03589318808718949,8074.6343837838995
8175.8740640801425,0.012537989397954773,8175.8740640801425
8225.758540767773,0.006101424299915768,8225.758540767773
8307.540150236196,0.009942135921338422,8307.540150236196
8345.233967355673,0.0045373018291588905,8345.233967355673
8373.792313834401,0.0034221145375241046,8373.792313834401
8405.384391134838,0.00377273236741778,8405.384391134838
8432.716619495704,0.0032517523398089858,8432.716619495704
8412.599117715064,-0.002385648977475522,8412.599117715064
8366.280118980303,-0.005505908232002203,8366.280118980303
8465.160358530668,0.011818901368845901,8465.160358530668
8500.906485098698,0.004222734721381628,8500.906485098698
8730.017463932818,0.02695135856813976,8730.017463932818
8678.185091467607,-0.005937258737379521,8678.185091467607
8688.24665608035,0.001159408851815652,8688.24665608035
8631.284654177829,-0.006556213716913422,8631.284654177829
8599.51050840815,-0.003681276547205486,8599.51050840815
8549.271914397304,-0.005842029492460501,8549.271914397304
8474.283166409341,-0.008771360735606018,8474.283166409341
8470.779147210684,-0.0004134885665075752,8470.779147210684
8495.400822313117,0.0029066600220053126,8495.400822313117
8604.189305806378,0.012805573953324146,8604.189305806378
8620.295699157918,0.0018719245682647311,8620.295699157918
8726.82168743492,0.012357579367887377,8726.82168743492
8552.728170026336,-0.019949246546339738,8552.728170026336
8591.762013689722,0.004563905561757951,8591.762013689722
8548.461995060543,-0.00503971345577163,8548.461995060543
8616.42447990814,0.007950258758460456,8616.42447990814
8641.68319011855,0.002931460754899991,8641.68319011855
8593.291394446502,-0.005599811357049392,8593.291394446502
8522.574263000643,-0.008229341727147912,8522.574263000643
8478.759785449976,-0.005140990996215774,8478.759785449976
8414.241497256653,-0.007609401590081739,8414.241497256653
8451.026055912835,0.004371702270272985,8451.026055912835
8356.246902796038,-0.01121510601076475,8356.246902796038
8417.398490416817,0.007318068545858386,8417.398490416817
8440.53765257764,0.0027489683644139973,8440.53765257764
8447.265661390315,0.0007971066642444684,8447.265661390315
8396.360734360353,-0.006026201740361085,8396.360734360353
8407.572392833366,0.001335299759946267,8407.572392833366
8471.407203341301,0.0075925377178254275,8471.407203341301
8465.627978423625,-0.0006822036503448236,8465.627978423625
8462.945015505562,-0.000316924264201229,8462.945015505562
8465.43380052496,0.00029408025395855205,8465.43380052496
8466.679769367951,0.0001471831063062831,8466.679769367951
8472.711739864471,0.0007124363576786702,8472.711739864471
8464.887234735796,-0.0009234947876086828,8464.887234735796
8500.442272514914,0.004200296683601326,8500.442272514914
8496.304439759986,-0.00048677852543137733,8496.304439759986
8520.313609709394,0.0028258368234842703,8520.313609709394
8498.35395423432,-0.0025773294835121055,8498.35395423432
8537.11801266153,0.004561360780683339,8537.11801266153
8538.87948433219,0.0002063309500989319,8538.87948433219
8514.387384607997,-0.002868303712347083,8514.387384607997
8523.533546230501,0.0010742007861937563,8523.533546230501
8549.825459622809,0.0030846260239024035,8549.825459622809
8556.151821027526,0.0007399404156956623,8556.151821027526
8565.55690236649,0.0010992186131913275,8565.55690236649
8541.04581478904,-0.0028615871515229635,8541.04581478904
8447.855257433792,-0.010910907092183827,8447.855257433792
8443.942413042985,-0.00046317606914048125,8443.942413042985
8505.434528542879,0.007282393992279034,8505.434528542879
8528.289831717291,0.002687141156364643,8528.289831717291
8709.707401250029,0.021272444196025444,8709.707401250029
8766.728611532182,0.006546857162385255,8766.728611532182
8698.308202458693,-0.007804554253394617,8698.308202458693
8708.662769571722,0.001190411614767005,8708.662769571722
8540.713151079131,-0.01928535102764682,8540.713151079131
8547.82233061902,0.0008323871103185377,8547.82233061902
8571.368867237363,0.002754682503635647,8571.368867237363
8699.919776316128,0.01499771052557663,8699.919776316128
8737.033512991793,0.004265986081469298,8737.033512991793
8964.664733370853,0.026053605041182187,8964.664733370853
8950.21476110696,-0.0016118809452074334,8950.21476110696
9150.763216021714,0.022407110920537404,9150.763216021714
9235.240375853775,0.009231706453091567,9235.240375853775
9240.203152057516,0.0005373737988150837,9240.203152057516
9203.995962883975,-0.003918440815392539,9203.995962883975
9163.265656768619,-0.004425285091345608,9163.265656768619
9110.989527401647,-0.005704967129088611,9110.989527401647
9155.532929445999,0.004888975221669007,9155.532929445999
9065.927989411886,-0.009786971520349689,9065.927989411886
9033.727751403498,-0.003551786209420109,9033.727751403498
8998.422690478767,-0.003908138688289244,8998.422690478767
9047.400475206925,0.005442929990383906,9047.400475206925
9047.863277870978,5.1153109152192116e-05,9047.863277870978
9090.82830960456,0.004748638481161079,9090.82830960456
9058.953412064093,-0.0035062698859674923,9058.953412064093
9144.225913503926,0.009413063249257097,9144.225913503926
9183.591416242338,0.004304957369904759,9183.591416242338
9225.743056704943,0.004589886303963178,9225.743056704943
9211.803229892925,-0.0015109706314536105,9211.803229892925
9140.421734918918,-0.007748916601080626,9140.421734918918
9198.219989456267,0.006323368463026641,9198.219989456267
9199.118889531133,9.772543773664102e-05,9199.118889531133
9151.56923464472,-0.005168935792375313,9151.56923464472
9227.334117094832,0.008278895182619761,9227.334117094832
9262.399632124287,0.0038001783163449563,9262.399632124287
9273.315277190399,0.0011784899701642883,9273.315277190399
9206.964623131138,-0.007155008977475818,9206.964623131138
9169.955282874163,-0.004019711356769394,9169.955282874163
9188.920998782707,0.0020682451902425524,9188.920998782707
9156.667852455881,-0.003510003658873493,9156.667852455881
9235.044862176353,0.008559555832250983,9235.044862176353
9163.790131482516,-0.007715688635761065,9163.790131482516
9151.533361129521,-0.0013375219398452526,9151.533361129521
9233.308696842165,0.008935697711596354,9233.308696842165
9269.248178871323,0.003892373060314613,9269.248178871323
9077.7902330384,-0.020655175278329434,9077.7902330384
9189.383757312531,0.012293027422905995,9189.383757312531
9206.386430779548,0.0018502517596445881,9206.386430779548
9225.254530415135,0.002049457708238783,9225.254530415135
9290.175830255977,0.0070373451081269045,9290.175830255977
9255.182361628358,-0.0037667175806999653,9255.182361628358
9204.690275171895,-0.00545554744180958,9204.690275171895
9244.04590183427,0.004275605749443661,9244.04590183427
9168.044729632511,-0.00822163509450743,9168.044729632511
9218.378617793163,0.005490144261400252,9218.378617793163
9169.322173258364,-0.005321591417400741,9169.322173258364
9211.145255150579,0.004561196684111282,9211.145255150579
9037.97088831817,-0.018800525020010474,9037.97088831817
9104.932541619972,0.007408925535304611,9104.932541619972
9126.249621533012,0.0023412671994653728,9126.249621533012
9163.772457703884,0.004111528582599556,9163.772457703884
9182.203071780696,0.0020112474596984714,9182.203071780696
9309.726861069772,0.013888147353328504,9309.726861069772
9328.314217407793,0.0019965522743472987,9328.314217407793
9314.479187048924,-0.0014831222487179502,9314.479187048924
9294.285085507925,-0.0021680333527480397,9294.285085507925
9341.24475122536,0.005052531236712079,9341.24475122536
9211.791191729892,-0.013858277236391565,9211.791191729892
9270.469522371572,0.0063699154073703634,9270.469522371572
9296.303434280735,0.00278668861882566,9296.303434280735
9277.34928887193,-0.002038890570085113,9277.34928887193
9299.221289331996,0.0023575700104663086,9299.221289331996
9264.607487639507,-0.0037222258311237666,9264.607487639507
9230.329761543522,-0.0036998573487021335,9230.329761543522
9208.848958575894,-0.0023271977841056407,9208.848958575894
9254.983349933513,0.0050097891240419145,9254.983349933513
9273.870980697819,0.002040806563357319,9273.870980697819
9252.24045762781,-0.002332415785709066,9252.24045762781
9244.877221672705,-0.000795832748708457,9244.877221672705
9251.125942297336,0.0006759116940981284,9251.125942297336
9197.60904542036,-0.005784906314191339,9197.60904542036
9184.18469498615,-0.001459547842044281,9184.18469498615
9170.71201711649,-0.0014669432635665298,9170.71201711649
9094.29307249707,-0.008332934724892613,9094.29307249707
9090.629630720116,-0.0004028286473451702,9090.629630720116
9207.22588528937,0.012825982281275527,9207.22588528937
9171.751589830716,-0.003852875545861422,9171.751589830716
9155.132105773037,-0.0018120294575035573,9155.132105773037
9187.263238205987,0.003509630670723991,9187.263238205987
9169.006752606212,-0.001987151682326313,9169.006752606212
9142.901676676061,-0.0028470996515221423,9142.901676676061
9129.899018949502,-0.0014221587616687053,9129.899018949502
9020.936138821096,-0.011934730044905056,9020.936138821096
9055.49710214162,0.0038311947661168063,9055.49710214162
9121.272193865856,0.007263553947654597,9121.272193865856
9308.518936002441,0.02052857739104751,9308.518936002441
9333.66785618682,0.0027017101600459613,9333.66785618682
9390.579878420327,0.006097498122968173,9390.579878420327
9369.726507119838,-0.0022206691780994477,9369.726507119838
9263.106620327353,-0.011379188785442826,9263.106620327353
9190.443439319131,-0.007844364097976142,9190.443439319131
9271.450801704112,0.008814304001742795,9271.450801704112
9546.57190991052,0.02967400831764538,9546.57190991052
9625.345125363263,0.008251466201282755,9625.345125363263
9687.318373578282,0.006438548167142363,9687.318373578282
9944.834817227387,0.026582840959523863,9944.834817227387
10067.7417201465,0.012358868214301552,10067.7417201465
10341.326801306343,0.027174423894126585,10341.326801306343
10298.8703217012,-0.004105515706145065,10298.8703217012
10705.711810839804,0.03950350634878192,10705.711810839804
10723.446307880784,0.0016565453427416065,10723.446307880784
10618.028421948997,-0.00983059763672378,10618.028421948997
10685.508918698535,0.00635527558110944,10685.508918698535
10937.448870965336,0.02357772139667881,10937.448870965336
10936.246724489429,-0.00010991104873639518,10936.246724489429
11062.883298359944,0.01157952788198697,11062.883298359944
10904.803638752683,-0.01428919164596956,10904.803638752683
11026.206381026954,0.01113295995930093,11026.206381026954
11177.835404873706,0.013751694699607919,11177.835404873706
11441.875331329342,0.023621740425745694,11441.875331329342
11334.390670362349,-0.009393972391281636,11334.390670362349
11115.938136838633,-0.019273425442704644,11115.938136838633
11264.265555460484,0.01334367075418375,11264.265555460484
11052.74332463538,-0.018778164433682683,11052.74332463538
11164.864661343325,0.010144208855193279,11164.864661343325
11157.815847485055,-0.0006313389433796891,11157.815847485055
11211.02651207412,0.0047689140344666,11211.02651207412
11333.02248245872,0.010881784130401705,11333.02248245872
11397.600649138398,0.005698229821711905,11397.600649138398
11194.179069574026,-0.017847754613138662,11194.179069574026
11132.961807073842,-0.005468669218145202,11132.961807073842
11232.66098862216,0.008955315151173043,11232.66098862216
10921.643721309809,-0.02768865432931586,10921.643721309809
11077.31576671872,0.014253536315708009,11077.31576671872
11208.878329998532,0.011876754806889623,11208.878329998532
11299.449947095805,0.008080346171201933,11299.449947095805
11647.477840654408,0.03080042791357753,11647.477840654408
11599.31431252433,-0.004135103649819165,11599.31431252433
11523.00073730022,-0.006579145384629277,11523.00073730022
11500.9467017779,-0.0019139142680891345,11500.9467017779
11455.064442291416,-0.003989433276774691,11455.064442291416
11316.898807131905,-0.012061532770554459,11316.898807131905
11337.601115230358,0.0018293269606163066,11337.601115230358
11356.225626950509,0.0016427206717592223,11356.225626950509
11239.216954018277,-0.010303482580915624,11239.216954018277
11081.150523036142,-0.01406382950243014,11081.150523036142
11222.051687870431,0.012715391289142383,11222.051687870431
11257.84851161253,0.0031898644506148477,11257.84851161253
11190.441145724842,-0.00598758864255077,11190.441145724842
11219.565358026082,0.0026025973348125044,11219.565358026082
11344.67794260622,0.011151286220783738,11344.67794260622
11349.865805794083,0.00045729488435970544,11349.865805794083
11392.644988919246,0.0037691355877815086,11392.644988919246
11338.219447858562,-0.004777252439062234,11338.219447858562
11305.321874430563,-0.0029014761602812493,11305.321874430563
11166.515681754892,-0.012277951412388508,11166.515681754892
11065.479947353771,-0.009048098554699926,11065.479947353771
11073.065608427225,0.0006855248131616153,11073.065608427225
11018.952186660415,-0.0048869413115033,11018.952186660415
10981.262735311462,-0.0034204206271609113,10981.262735311462
10955.508728448493,-0.002345268252270701,10955.508728448493
10953.963480077624,-0.0001410476144166511,10953.963480077624
10982.717322814085,0.0026249715720485845,10982.717322814085
11097.220503196251,0.010425760494109449,11097.220503196251
11074.542871058442,-0.0020435416356083917,11074.542871058442
11331.612845088832,0.023212693925471258,11331.612845088832
10838.11310944819,-0.04355070565744991,10838.11310944819
11157.80956413408,0.029497427408022973,11157.80956413408
10801.814916019226,-0.03190542427423857,10801.814916019226
10815.067204366158,0.0012268575651373731,10815.067204366158
10850.797352939662,0.0033037380072016946,10850.797352939662
11010.619771510588,0.01472909440407405,11010.619771510588
11150.345721906573,0.012690107668372932,11150.345721906573
11163.334058079925,0.0011648370819420505,11163.334058079925
11210.968811769484,0.004267072313856116,11210.968811769484
11093.01021882893,-0.010521712701289446,11093.01021882893
11028.850337196165,-0.005783811640582541,11028.850337196165
10984.544279042031,-0.004017287096979187,10984.544279042031
11043.02601837474,0.0053240023297360045,11043.02601837474
11108.118675336831,0.005894458353514949,11108.118675336831
11195.743459596171,0.00788835506897235,11195.743459596171
11181.987542144932,-0.0012286738706439142,11181.987542144932
11178.612385237884,-0.0003018387289672447,11178.612385237884
11317.085447961561,0.012387321248077158,11317.085447961561
11261.717397194285,-0.00489243021287334,11261.717397194285
11362.94814029159,0.008988925891758388,11362.94814029159
11630.890885102646,0.023580389657941347,11630.890885102646
11614.78564170824,-0.0013846955967090216,11614.78564170824
11665.128118631035,0.004334344040067208,11665.128118631035
11665.833458564313,6.046568251159441e-05,11665.833458564313
11611.71940999793,-0.00463867830434837,11611.71940999793
11714.917264694574,0.008887387909820554,11714.917264694574
11855.283847239229,0.011981867167571183,11855.283847239229
11663.411271665342,-0.016184561925825968,11663.411271665342
11390.229698018265,-0.023422099014096642,11390.229698018265
11395.986743816702,0.0005054371993426063,11395.986743816702
11352.039233938563,-0.0038564023340922557,11352.039233938563
11177.414647710171,-0.015382662324344966,11177.414647710171
11295.836282866969,0.010594725067398184,11295.836282866969
11312.683818507878,0.001491481924756813,11312.683818507878
11399.951950323315,0.007714184645792394,11399.951950323315
11377.099069051634,-0.0020046471573972806,11377.099069051634
11390.65398633943,0.0011914212230664232,11390.65398633943
11266.928925362592,-0.010861980455662834,11266.928925362592
11222.791002288555,-0.003917475948097853,11222.791002288555
11153.503632567506,-0.006173809144883757,11153.503632567506
11147.459378195115,-0.0005419153094406501,11147.459378195115
11179.423873964324,0.0028674242878814512,11179.423873964324
11240.967783035498,0.005505105608751539,11240.967783035498
11317.747860054975,0.006830379599107985,11317.747860054975
11377.539260042182,0.005282976854276316,11377.539260042182
11431.603607685654,0.0047518489198579315,11431.603607685654
11402.254382379264,-0.0025673760492062204,11402.254382379264
11411.76925820107,0.000834473210535384,11411.76925820107
11307.236212096295,-0.009160108633431292,11307.236212096295
11367.066067194593,0.00529128904500043,11367.066067194593
11330.2875705097,-0.003235531179944198,11330.2875705097
11502.36776473773,0.0151876281301032,11502.36776473773
11592.541828878557,0.007839608851428695,11592.541828878557
11695.369881098964,0.00887019031186483,11695.369881098964
11725.683096385961,0.002591898810826352,11725.683096385961
11644.04147837324,-0.00696263214190781,11644.04147837324
11596.040872552629,-0.004122332088026566,11596.040872552629
11559.97034778922,-0.0031105896538176146,11559.97034778922
11660.695780166147,0.008713295047178939,11660.695780166147
11522.81970528132,-0.011824000684362406,11522.81970528132
11500.995436322764,-0.0018940042035502144,11500.995436322764
11672.725348777287,0.01493174337867834,11672.725348777287
11844.14900082072,0.014685829309038893,11844.14900082072
11776.885230050862,-0.0056790716467006,11776.885230050862
11756.264674491598,-0.0017509345770516022,11756.264674491598
11570.000395825942,-0.015843831678084567,11570.000395825942
11506.918662312508,-0.005452180756725994,11506.918662312508
11464.228311069786,-0.003709972451838116,11464.228311069786
11430.734823299925,-0.002921564963733326,11430.734823299925
11345.98548529625,-0.007414163596108072,11345.98548529625
11381.334925666555,0.003115590127989793,11381.334925666555
11305.03409827184,-0.006704031459670372,11305.03409827184
11227.32408278056,-0.006873930216907508,11227.32408278056
11028.284405722268,-0.01772814925361965,11028.284405722268
10943.614548512161,-0.007677518469343634,10943.614548512161
10988.718259290363,0.004121463761197002,10988.718259290363
10986.657372450045,-0.00018754569838718758,10986.657372450045
11066.967749760635,0.007309809943830172,11066.967749760635
11092.7398883005,0.0023287443428596844,11092.7398883005
11063.752635687088,-0.0026131733823477016,11063.752635687088
11020.250451242078,-0.003931955628209665,11020.250451242078
10992.087544972002,-0.0025555595487306614,10992.087544972002
10951.187133282354,-0.0037208957372574887,10951.187133282354
11043.80220662981,0.0084570807000444,11043.80220662981
11057.206030007117,0.0012136964359303025,11057.206030007117
11126.449490028259,0.006262292647277007,11126.449490028259
11002.742978070759,-0.011118237859109365,11002.742978070759
11059.548948665479,0.005162891717814072,11059.548948665479
10943.962518418773,-0.010451278870704026,10943.962518418773
11110.01181685945,0.0151726852281535,11110.01181685945
11118.137038492094,0.0007313423033730622,11118.137038492094
11304.596773137639,0.01677077139812194,11304.596773137639
11308.001852143356,0.00030121189406846186,11308.001852143356
11301.273098586036,-0.0005950435492759737,11301.273098586036
11279.319705448946,-0.0019425592980171942,11279.319705448946
11349.68467613243,0.006238405552906775,11349.68467613243
11345.199591670069,-0.0003951726052612438,11345.199591670069
11247.817994313189,-0.008583506757199773,11247.817994313189
11371.422274441016,0.010989178540257463,11371.422274441016
11386.349533156052,0.0013126993576333438,11386.349533156052
11356.183420243766,-0.002649322579150202,11356.183420243766
11445.450624248082,0.007860669443326062,11445.450624248082
11333.631989755166,-0.00976970135680106,11333.631989755166
11260.99386158247,-0.0064090777112188295,11260.99386158247
11316.400761828772,0.004920249573647861,11316.400761828772
11283.000482678583,-0.002951493134005256,11283.000482678583
11251.216611429329,-0.002816969767753578,11251.216611429329
11193.740396062096,-0.005108444477803953,11193.740396062096
10949.601671071738,-0.021810290068567738,10949.601671071738
10630.461429842546,-0.02914628776609687,10630.461429842546
10776.504963309802,0.013738212064555761,10776.504963309802
10770.783633588591,-0.0005309077238576715,10770.783633588591
10854.003651799556,0.007726459006329195,10854.003651799556
10957.711911039834,0.009554839169699774,10957.711911039834
10895.082440336246,-0.005715560986823298,10895.082440336246
10871.483172672828,-0.0021660476451328854,10871.483172672828
10932.434035474387,0.005606490101991711,10932.434035474387
10957.102972297997,0.002256490800087209,10957.102972297997
10967.056441169745,0.0009084033340666853,10967.056441169745
11035.60696721847,0.006250585689646767,11035.60696721847
11027.608514704414,-0.0007247859168793468,11027.608514704414
11034.99834616353,0.000670120946827481,11034.99834616353
11002.639960155175,-0.0029323417179853116,11002.639960155175
10988.455054943102,-0.0012892274275484272,10988.455054943102
10995.512071499437,0.0006422209965867521,10995.512071499437
11020.742006293418,0.0022945666040764395,11020.742006293418
11072.491025264404,0.004695602069392115,11072.491025264404
10999.325193817132,-0.006607892594387952,10999.325193817132
10983.444639982563,-0.0014437752820960507,10983.444639982563
10945.554524008177,-0.0034497479812896177,10945.554524008177
11118.326698439747,0.015784689030839835,11118.326698439747
11094.230922544759,-0.0021672124365952634,11094.230922544759
11207.546994762144,0.01021396372659891,11207.546994762144
11465.86046187307,0.023048171667863385,11465.86046187307
11466.003204329045,1.2449345293320192e-05,11466.003204329045
11416.039821709144,-0.004357523866820203,11416.039821709144
11642.254545277012,0.01981551633498065,11642.254545277012
11531.570128282983,-0.009507129101461747,11531.570128282983
11663.244272853352,0.01141857900576924,11663.244272853352
11804.766253512083,0.012134014974558113,11804.766253512083
11715.48816977668,-0.007562884500897506,11715.48816977668
11711.95636757997,-0.00030146436456824336,11711.95636757997
11647.770336009937,-0.005480385134264035,11647.770336009937
11863.104974220474,0.018487198150260037,11863.104974220474
11730.050958516364,-0.011215783388349759,11730.050958516364
11654.300794131877,-0.006457786471037459,11654.300794131877
11609.864271108256,-0.003812886230463182,11609.864271108256
11563.965798805491,-0.0039534030054929085,11563.965798805491
11496.085495287043,-0.005869984804474155,11496.085495287043
11451.813004690579,-0.0038510926710325446,11451.813004690579
11387.582336431511,-0.0056087772506203904,11387.582336431511
11246.235957707206,-0.012412325509349462,11246.235957707206
10932.351975836917,-0.02791013660487702,10932.351975836917
11002.827337379485,0.006446495840815977,11002.827337379485
11040.941875966597,0.0034640676817336968,11040.941875966597
11044.804277083362,0.00034982532832393456,11044.804277083362
10995.809056715929,-0.004436042426672181,10995.809056715929
11147.35494852217,0.013782150183272075,11147.35494852217
11056.688040001296,-0.008133490764362344,11056.688040001296
11043.526712456085,-0.0011903499038406276,11043.526712456085
11031.327042832347,-0.0011046896468298731,11031.327042832347
10948.936383127582,-0.007468789510532857,10948.936383127582
10885.31957208578,-0.0058103188123218245,10885.31957208578
10970.023795686879,0.007781510045723747,10970.023795686879
10992.364412788424,0.0020365149171626858,10992.364412788424
10994.814894523692,0.00022292580952075898,10994.814894523692
10963.188373591505,-0.0028764941688958798,10963.188373591505
11019.871950099863,0.0051703550624832804,11019.871950099863
11002.779813011946,-0.0015510286476387524,11002.779813011946
11036.388079120048,0.003054525009066904,11036.388079120048
11101.124071875878,0.005865686517340348,11101.124071875878
11257.934351781392,0.01412562177399542,11257.934351781392
11220.193666957679,-0.0033523631995367826,11220.193666957679
11282.81146034143,0.005580812171554073,11282.81146034143
11360.642597155536,0.006898204147758614,11360.642597155536
11058.367263191556,-0.02660723910456115,11058.367263191556
11221.005974194668,0.014707298747841793,11221.005974194668
11171.972966260882,-0.004369751521971236,11171.972966260882
11065.116470116338,-0.009564693404401267,11065.116470116338
10900.592699551333,-0.014868688550123764,10900.592699551333
10980.936251576668,0.007370567292973082,10980.936251576668
10935.521312938617,-0.004135798405307042,10935.521312938617
11012.496871877956,0.007039038810912829,11012.496871877956
11016.454255377608,0.0003593538818392218,11016.454255377608
10926.543062646735,-0.008161536429653286,10926.543062646735
10904.358156472845,-0.0020303682552380476,10904.358156472845
10843.63757970819,-0.005568468670355549,10843.63757970819
10954.440472471546,0.010218240138411062,10954.440472471546
10960.941574177308,0.0005934672539503809,10960.941574177308
10940.178539427263,-0.0018942747399513286,10940.178539427263
10956.697120062845,0.0015099004624147803,10956.697120062845
10855.470567030463,-0.009238783542444217,10855.470567030463
10904.470061096647,0.004513806542389933,10904.470061096647
10946.707297898043,0.0038733873874426477,10946.707297898043
10940.258729054645,-0.0005890875372758142,10940.258729054645
11029.348214600925,0.008143270442926403,11029.348214600925
11028.956619197135,-3.5504854518181425e-05,11028.956619197135
10881.18342068801,-0.013398656247492018,10881.18342068801
10701.67726357686,-0.016496933299540096,10701.67726357686
10679.263889195217,-0.0020943795845838713,10679.263889195217
10742.71950197557,0.005941946321277287,10742.71950197557
10722.000773667438,-0.0019286297388964038,10722.000773667438
10758.27853551794,0.0033834880836417784,10758.27853551794
10677.727131511547,-0.00748738785117501,10677.727131511547
10535.762942790725,-0.013295356490414922,10535.762942790725
10343.727756228158,-0.018226984377431473,10343.727756228158
10293.270461010068,-0.004878057157653697,10293.270461010068
10338.297260112195,0.0043743919168047,10338.297260112195
10324.31448777861,-0.0013525217917202566,10324.31448777861
9926.185043555668,-0.03856231275153695,9926.185043555668
9937.48507818474,0.0011384066063134274,9937.48507818474
10125.200470184654,0.018889627558988424,10125.200470184654
10163.161215446526,0.0037491351774863175,10163.161215446526
10252.874057821424,0.008827257629107212,10252.874057821424
10193.39308910108,-0.005801394651382466,10193.39308910108
10227.670973444236,0.003362755075128482,10227.670973444236
10428.30857962123,0.019617135386731214,10428.30857962123
10718.664796991643,0.027843078784398328,10718.664796991643
10682.031981569573,-0.0034176659234974875,10682.031981569573
10666.215183841143,-0.001480691852984534,10666.215183841143
10691.24985118565,0.0023470994080856647,10691.24985118565
10752.928738436594,0.005769099788094857,10752.928738436594
10767.47339246459,0.0013526225628191831,10767.47339246459
10808.124362940394,0.003775349053033489,10808.124362940394
10833.437269338472,0.0023420258268745282,10833.437269338472
10818.366299313631,-0.0013911531169793182,10818.366299313631
10794.31539842459,-0.002223154607971359,10794.31539842459
10713.068683295007,-0.007526805742719057,10713.068683295007
10810.384967500942,0.009083885027049375,10810.384967500942
10770.28842020212,-0.0037090767275508515,10770.28842020212
10927.194404774882,0.0145684106544864,10927.194404774882
10926.986640617644,-1.9013495096883615e-05,10926.986640617644
10823.939854687516,-0.00943048521237169,10823.939854687516
10793.291739971133,-0.0028315119196740427,10793.291739971133
10803.38222634376,0.0009348849837217241,10803.38222634376
10734.731012121993,-0.0063546038438188355,10734.731012121993
10834.640026716923,0.00930708133087915,10834.640026716923
10798.795115484481,-0.003308361989327908,10798.795115484481
10816.548040382737,0.001643972749589374,10816.548040382737
10806.178984203878,-0.0009586289581618296,10806.178984203878
10746.466975334693,-0.005525728285314444,10746.466975334693
10780.516437983979,0.003168433190874397,10780.516437983979
10773.271456396635,-0.0006720440183938596,10773.271456396635
10814.550645768117,0.003831629931405155,10814.550645768117
10802.68326635596,-0.0010973529831125874,10802.68326635596
10837.161044223769,0.0031915938862325218,10837.161044223769
10835.638553493587,-0.00014048796764841223,10835.638553493587
10846.563210991635,0.0010082153851953834,10846.563210991635
10834.242341486713,-0.0011359238189323202,10834.242341486713
10867.354576539019,0.003056257559009209,10867.354576539019
10923.317966494185,0.0051496792122695915,10923.317966494185
10857.620192095388,-0.00601445225711786,10857.620192095388
10860.289153164473,0.0002458145543742453,10860.289153164473
11037.319460793899,0.016300699284589864,11037.319460793899
11030.496742156029,-0.0006181499649534088,11030.496742156029
10974.84800986784,-0.005044988778747548,10974.84800986784
10915.980290416303,-0.005363875599790255,10915.980290416303
10969.292999168292,0.0048839139805698885,10969.292999168292
11082.313392952114,0.010303343505583285,11082.313392952114
10991.57073743314,-0.008188060768673339,10991.57073743314
10994.02869162792,0.00022362174192361192,10994.02869162792
10944.224394250943,-0.004530122557793854,10944.224394250943
10887.427666888008,-0.005189653036790004,10887.427666888008
10775.024714772613,-0.010324105523772742,10775.024714772613
10725.964776361541,-0.004553116091122328,10725.964776361541
10724.873731528738,-0.0001017199716343576,10724.873731528738
10804.560334437712,0.007430073761587839,10804.560334437712
10893.614518930006,0.008242277495406085,10893.614518930006
10893.362718319313,-2.311451449432186e-05,10893.362718319313
11055.442716714091,0.014878784686220907,11055.442716714091
11295.344987202476,0.02169992433913931,11295.344987202476
11192.931401066739,-0.009066884300724908,11192.931401066739
11184.251714996346,-0.0007754613835625953,11184.251714996346
11327.333854909653,0.012793179513427564,11327.333854909653
11321.8324800283,-0.0004856725291069699,11321.8324800283
11202.036280980432,-0.01058099024686941,11202.036280980432
11273.391317423595,0.006369827293303343,11273.391317423595
11287.553200369062,0.0012562220672300618,11287.553200369062
11247.00566165108,-0.0035922345612207284,11247.00566165108
11102.500551813368,-0.012848318404464824,11102.500551813368
11168.090859589518,0.005907705878513687,11168.090859589518
11005.65156604523,-0.01454494734924273,11005.65156604523
10960.025203076775,-0.0041457211955739145,10960.025203076775
11029.532785191946,0.0063419180911790255,11029.532785191946
11063.761276915693,0.0031033491980459165,11063.761276915693
11050.407262839986,-0.0012070049001843333,11050.407262839986
11055.66288098519,0.00047560402256641767,11055.66288098519
11028.350148653064,-0.0024704744189606204,11028.350148653064
11027.87660298606,-4.29389401516371e-05,11027.87660298606
11074.008263117474,0.00418318610120485,11074.008263117474
11053.838932204033,-0.0018213216420124958,11053.838932204033
11054.111244675947,2.463510401976683e-05,11054.111244675947
11074.647417512702,0.0018577859750276756,11074.647417512702
11206.078925647644,0.011867782619165277,11206.078925647644
11167.094509261955,-0.00347886327093999,11167.094509261955
11219.899155358882,0.00472859310478043,11219.899155358882
11222.281177107083,0.00021230331175167727,11222.281177107083
11240.958429591465,0.0016643008840735462,11240.958429591465
11193.051977765961,-0.004261776442424343,11193.051977765961
11104.317604983251,-0.007927629833129857,11104.317604983251
11135.248313935841,0.0027854668835038524,11135.248313935841
11132.291209306566,-0.00026556252235294573,11132.291209306566
11114.411744949726,-0.0016060902486895823,11114.411744949726
11153.597416845649,0.003525663147555066,11153.597416845649
11201.353227942558,0.0042816509608622185,11201.353227942558
11158.226129708957,-0.0038501685783836775,11158.226129708957
11276.976557089682,0.010642410899394614,11276.976557089682
11290.368899494038,0.0011875827121353845,11290.368899494038
11250.845136476488,-0.0035006617914248857,11250.845136476488
11326.37885798753,0.00671360423104163,11326.37885798753
11325.758195376064,-5.479797376106494e-05,11325.758195376064
11390.357828310332,0.005703779987166303,11390.357828310332
11666.524058774692,0.024245614986559694,11666.524058774692
11671.72445693657,0.00044575386256264133,11671.72445693657
11701.413599608333,0.0025436809086182436,11701.413599608333
11737.666879353537,0.0030981965927960376,11737.666879353537
11702.953427435808,-0.0029574405437242488,11702.953427435808
11678.744680141295,-0.0020686015239331427,11678.744680141295
11841.618867173562,0.013946206676580503,11841.618867173562
12191.268152500043,0.029527152431476328,12191.268152500043
12260.848106008823,0.005707359779016169,12260.848106008823
12219.133838044732,-0.0034022334836403033,12219.133838044732
12278.874593189732,0.004889115377310604,12278.874593189732
12231.926597698059,-0.00382347707319311,12231.926597698059
12387.252365061899,0.012698389425674883,12387.252365061899
12228.089756892141,-0.012848903330545992,12228.089756892141
12289.232866646938,0.005000217611285904,12289.232866646938
12250.444348212179,-0.003156301036497638,12250.444348212179
12238.579751604237,-0.0009685033677716651,12238.579751604237
12042.195305480302,-0.016046342803640486,12042.195305480302
12137.764058333632,0.007936157023614972,12137.764058333632
12149.58548466359,0.000973937726350798,12149.58548466359
12183.480890073257,0.0027898404807680747,12183.480890073257
12240.798617285489,0.004704544434335809,12240.798617285489
12258.768595527343,0.001468039692808799,12258.768595527343
12329.231165766303,0.00574793215891752,12329.231165766303
12330.501485541907,0.00010303317040005497,12330.501485541907
12277.16892891828,-0.004325254466427165,12277.16892891828
12464.559512565384,0.015263338374836255,12464.559512565384
12555.50091940592,0.007295998446544438,12555.50091940592
12546.628002311321,-0.0007066955871816149,12546.628002311321
12365.762380415028,-0.014415476561748207,12365.762380415028
12319.779378829518,-0.0037185739278265753,12319.779378829518
12345.693643424001,0.0021034682357229805,12345.693643424001
12107.104576437023,-0.019325691522733085,12107.104576437023
12155.587326815494,0.004004487619015708,12155.587326815494
12175.088890482657,0.0016043291979931159,12175.088890482657
12304.434398471962,0.01062378346086774,12304.434398471962
12344.999060292916,0.003296751439951766,12344.999060292916
12570.637186328568,0.01827769487333575,12570.637186328568
12504.026752328637,-0.005298890820934277,12504.026752328637
12629.248095358014,0.010014481375454324,12629.248095358014
12636.692443384358,0.0005894529880269816,12636.692443384358
12836.661965451007,0.015824514441778577,12836.661965451007
13145.23693546044,0.02403856788002528,13145.23693546044
13118.805690518453,-0.0020107089032900625,13118.805690518453
13035.923041523936,-0.006317850187720884,13035.923041523936
13347.971652744454,0.02393759231521499,13347.971652744454
13322.892624341184,-0.0018788643739825832,13322.892624341184
13358.832348738903,0.0026975916875630833,13358.832348738903
13297.400201377233,-0.0045986165375800055,13297.400201377233
13451.045627136193,0.011554546259579777,13451.045627136193
13866.2240329385,0.030865883390115516,13866.2240329385
13903.49351109073,0.0026877885474588486,13903.49351109073
13900.57475346058,-0.0002099298012992839,13900.57475346058
13757.334165201095,-0.010304652203235284,13757.334165201095
13665.89460219646,-0.006646604778702559,13665.89460219646
13636.144039447474,-0.0021769934288974587,13636.144039447474
13761.329411288116,0.00918040844086839,13761.329411288116
13711.214347584622,-0.003641731275060208,13711.214347584622
13691.413225748614,-0.001444155224624257,13691.413225748614
13643.229406783383,-0.0035192728588904925,13643.229406783383
13899.378409930312,0.018774807306221244,13899.378409930312
13920.204428477591,0.0014983417195404446,13920.204428477591
14091.676968548036,0.012318248697529921,14091.676968548036
14200.027931283914,0.007689004153140232,14200.027931283914
14351.992443134517,0.01070170513649573,14351.992443134517
14433.478110976705,0.005677655431122268,14433.478110976705
14394.914796603125,-0.0026717963665494455,14394.914796603125
14419.521313616026,0.0017093895560054376,14419.521313616026
14484.310038715086,0.004493125929075173,14484.310038715086
14564.335979562939,0.005525008829136604,14564.335979562939
14619.133313574253,0.0037624327046704657,14619.133313574253
14670.690068415299,0.0035266628831665974,14670.690068415299
14369.091017979477,-0.020557932110169666,14369.091017979477
14485.526116768251,0.00810316384265936,14485.526116768251
14393.542555621605,-0.006350032467248015,14393.542555621605
14286.050827987065,-0.007468052233781517,14286.050827987065
14396.960859870693,0.007763519339182935,14396.960859870693
14406.217818874013,0.0006429800770746784,14406.217818874013
14410.660329137503,0.0003083745032418878,14410.660329137503
14688.559449685039,0.019284273877834688,14688.559449685039
14739.48123857618,0.0034667653465658777,14739.48123857618
14592.179603937011,-0.009993678356443785,14592.179603937011
14684.522099428998,0.006328218127679313,14684.522099428998
14426.112147312355,-0.01759743697254474,14426.112147312355
14192.128612100962,-0.016219445185374198,14192.128612100962
14303.040175292428,0.00781500550219776,14303.040175292428
14358.381417318022,0.0038691943354247664,14358.381417318022
14093.526715852184,-0.018445999849703805,14093.526715852184
14323.685676784455,0.01633082801577202,14323.685676784455
14505.358931788096,0.012683415365508538,14505.358931788096
14509.105431505857,0.0002582838339527228,14509.105431505857
14389.432116279413,-0.00824815256815069,14389.432116279413
14050.720237137122,-0.023538933045112308,14050.720237137122
14171.964416474491,0.00862903661101372,14171.964416474491
14469.149956152098,0.020969960899149473,14469.149956152098
14201.345190919665,-0.01850867300732944,14201.345190919665
14289.85048569743,0.0062321768528205935,14289.85048569743
14554.247415532078,0.018502428006456656,14554.247415532078
14554.345356975491,6.72940624255005e-06,14554.345356975491
14550.210893550558,-0.00028407072413952074,14550.210893550558
14547.556348502703,-0.0001824403142521736,14547.556348502703
14542.918936220442,-0.0003187760316006066,14542.918936220442
14610.364242111118,0.00463767323372052,14610.364242111118
14642.860871752031,0.002224217624037618,14642.860871752031
14715.338620997223,0.004949698687980365,14715.338620997223
14715.914518568183,3.9135869434643194e-05,14715.914518568183
14778.397914292033,0.004245974359596127,14778.397914292033
14928.027488200378,0.010124884630670277,14928.027488200378
15064.210656915724,0.009122649916272655,15064.210656915724
15252.766418931866,0.012516803323483625,15252.766418931866
15256.03258029367,0.0002141356703495141,15256.03258029367
15373.184668037366,0.007679066436645158,15373.184668037366
15290.824990477804,-0.00535735954117543,15290.824990477804
15014.87457179037,-0.018046797269557397,15014.87457179037
14950.445803114642,-0.004290996129716283,14950.445803114642
14889.538291036928,-0.004073959591561251,14889.538291036928
14920.623778688243,0.0020877402001126723,14920.623778688243
15055.866524140314,0.009064148219141206,15055.866524140314
14955.791756073604,-0.006646895275423173,14955.791756073604
14674.14221509057,-0.01883213845021992,14674.14221509057
14670.279780169652,-0.00026321367643179766,14670.279780169652
14734.48329601739,0.004376434315487549,14734.48329601739
14776.350711932739,0.0028414580324418867,14776.350711932739
14741.550423865425,-0.002355134142776534,14741.550423865425
14534.529523587244,-0.014043360048684518,14534.529523587244
14647.901432656705,0.007800177424764632,14647.901432656705
14537.221047417675,-0.0075560574835841976,14537.221047417675
14706.726003132479,0.011660065920571042,14706.726003132479
14836.884567788013,0.008850274672133812,14836.884567788013
14874.890240338927,0.002561566909634515,14874.890240338927
14799.027207170697,-0.005100073475668365,14799.027207170697
14700.679295651393,-0.0066455659647446765,14700.679295651393
14570.859950985965,-0.00883083985811666,14570.859950985965
14372.002871667417,-0.013647587032438076,14372.002871667417
14394.258311152513,0.0015485273474979508,14394.258311152513
14204.986184475827,-0.01314914062157967,14204.986184475827
14184.617452928356,-0.0014339142103306857,14184.617452928356
14099.167472209449,-0.006024130083343732,14099.167472209449
13913.52769422251,-0.01316671912386656,13913.52769422251
13837.260917682814,-0.005481483791588299,13837.260917682814
13975.646111963415,0.010000909508308661,13975.646111963415
13931.791956351928,-0.0031378982595979704,13931.791956351928
13873.329293430079,-0.004196349120415417,13873.329293430079
13709.58951161608,-0.011802486508522532,13709.58951161608
13486.422639126195,-0.016278158605755252,13486.422639126195
13519.261946126551,0.0024349902030419823,13519.261946126551
13686.001503038256,0.012333480745927555,13686.001503038256
13744.190107216044,0.004251687694530037,13744.190107216044
13811.421059242268,0.004891590664984009,13811.421059242268
13810.055992293555,-9.883609679673511e-05,13810.055992293555
13860.706921243274,0.003667684546535037,13860.706921243274
13871.08541583713,0.0007487709431290034,13871.08541583713
14009.519269808685,0.009980030388501548,14009.519269808685
14024.673834529003,0.0010817333863107968,14024.673834529003
14058.797189042523,0.0024330943390290026,14058.797189042523
14306.159435193447,0.017594837084904988,14306.159435193447
14373.704767793979,0.0047214161778715655,14373.704767793979
14536.895488564254,0.011353420945164115,14536.895488564254
14371.130795302564,-0.01140303260707154,14371.130795302564
14268.41802465244,-0.0071471599634802905,14268.41802465244
14526.708657512192,0.018102261400912832,14526.708657512192
14148.965469972998,-0.026003356744120593,14148.965469972998
14119.947879136049,-0.002050863075362781,14119.947879136049
14242.528012168557,0.008681344582980855,14242.528012168557
14115.010616022437,-0.008953283857835706,14115.010616022437
14321.815110697451,0.014651387823985408,14321.815110697451
14252.761173877685,-0.004821591138136279,14252.761173877685
14410.921820972264,0.011096842581243362,14410.921820972264
14498.332731550685,0.006065601608580745,14498.332731550685
14456.911955929641,-0.002856933716999484,14456.911955929641
14392.18327417887,-0.004477351867957046,14392.18327417887
14480.855857477465,0.006161162737392525,14480.855857477465
14780.427286783392,0.020687411866698206,14780.427286783392
14787.147225347844,0.00045465117036646907,14787.147225347844
14893.064438496553,0.007162788841863105,14893.064438496553
15033.907696826673,0.009456969645955412,15033.907696826673
15040.015053545252,0.00040623880641942517,15040.015053545252
15040.839832619686,5.483897931595543e-05,15040.839832619686
15033.884621956198,-0.00046242169592173785,15033.884621956198
15050.25230679401,0.001088719599052194,15050.25230679401
15365.43287231442,0.020941879185515884,15365.43287231442
15242.527548884156,-0.0079988194573885,15242.527548884156
15325.272850226906,0.005428581387002678,15325.272850226906
15644.32427241844,0.020818645469454736,15644.32427241844
15691.136441880799,0.0029922781353293178,15691.136441880799
15619.778499633223,-0.004547659279611884,15619.778499633223
15690.413967912948,0.004522181174424792,15690.413967912948
15621.354266726607,-0.004401394464643681,15621.354266726607
15740.038215513425,0.00759754543430433,15740.038215513425
15498.9217623832,-0.015318670121942957,15498.9217623832
15536.909297570648,0.0024509792209962875,15536.909297570648
15654.182713291426,0.0075480530570590735,15654.182713291426
15713.637418991562,0.0037980076500357266,15713.637418991562
15739.111773561122,0.0016211621720870286,15739.111773561122
15980.698904812563,0.01534947681464872,15980.698904812563
15811.544918915568,-0.01058489287011441,15811.544918915568
15600.056008080095,-0.013375600671536335,15600.056008080095
15891.47515822523,0.018680647684482316,15891.47515822523
15713.869235723865,-0.011176175951760963,15713.869235723865
15624.427761500512,-0.005691881030804145,15624.427761500512
15737.764853710101,0.007253839560694597,15737.764853710101
15777.99061141706,0.0025560019533189633,15777.99061141706
15705.600048614637,-0.004588072371525055,15705.600048614637
16203.388663953563,0.03169497591929549,16203.388663953563
16428.764002428277,0.013909148459549636,16428.764002428277
16572.513939126664,0.00874989358159503,16572.513939126664
16699.898548488414,0.007686498851631894,16699.898548488414
16757.875001324566,0.0034716649725635242,16757.875001324566
16928.75494226393,0.010196993409120088,16928.75494226393
16752.896426088297,-0.010388154165820628,16752.896426088297
16903.142676090494,0.008968374553323834,16903.142676090494
16953.735899462117,0.0029931252632202613,16953.735899462117
17082.805747889575,0.0076130623476065515,17082.805747889575
17007.255602694517,-0.00442258410650096,17007.255602694517
16963.42810440301,-0.0025769882757898455,16963.42810440301
16605.0000124417,-0.02112946096480803,16605.0000124417
16395.083618673965,-0.012641758121677012,16395.083618673965
16420.939845308887,0.001577071958661534,16420.939845308887
16643.88287132182,0.013576751885893044,16643.88287132182
16627.039987056745,-0.0010119564283942088,16627.039987056745
16576.907543861344,-0.003015115332279731,16576.907543861344
16011.004685142667,-0.0341380234655552,16011.004685142667
15953.714536098129,-0.0035781732733924155,15953.714536098129
16122.463841603201,0.010577430423695201,16122.463841603201
16155.091925397455,0.002023765357132298,16155.091925397455
16196.463000025286,0.002560869032431228,16196.463000025286
16003.360258248244,-0.011922525416613526,16003.360258248244
16091.047595941694,0.005479307862750727,16091.047595941694
16157.759691620042,0.004145913762331626,16157.759691620042
16213.963550016373,0.0034784437613267325,16213.963550016373
16300.979545065577,0.005366731877790265,16300.979545065577
16437.88708494187,0.008398730855271475,16437.88708494187
16616.500879747542,0.010865982585395208,16616.500879747542
16619.062438091292,0.00015415750658259841,16619.062438091292
16364.553410040884,-0.015314283161188906,16364.553410040884
16417.207522869725,0.0032175710213109754,16417.207522869725
15956.02905834919,-0.028091163730378566,15956.02905834919
15809.159144257039,-0.009204665744532386,15809.159144257039
15849.134227753246,0.002528602763210695,15849.134227753246
16070.662504508124,0.013977310909952502,16070.662504508124
16106.163887815197,0.002209080260201674,16106.163887815197
16055.444490968675,-0.0031490674750237454,16055.444490968675
15827.947864105641,-0.014169438098771062,15827.947864105641
15817.722747701822,-0.0006460165582808631,15817.722747701822
16017.578360346244,0.01263491691137778,16017.578360346244
15687.043862820397,-0.020635734696583696,15687.043862820397
15594.395013021835,-0.005906074503823444,15594.395013021835
15416.430904620544,-0.011412055950403071,15416.430904620544
15632.233150392562,0.013998197579398153,15632.233150392562
15689.900928879348,0.0036890300913491525,15689.900928879348
15694.841386080761,0.0003148813509918471,15694.841386080761
15805.306390539135,0.007038300148502273,15805.306390539135
16263.573716100445,0.02899452337321492,16263.573716100445
16229.962032101934,-0.002066685009410718,16229.962032101934
16143.028014842035,-0.005356390673493177,16143.028014842035
16140.557268652023,-0.00015305345364823633,16140.557268652023
15978.471309664905,-0.0100421538295905,15978.471309664905
15840.54243198897,-0.008632169811670724,15840.54243198897
15777.263588358683,-0.00399473969417231,15777.263588358683
15805.40027239036,0.0017833690788075097,15805.40027239036
15950.993358337046,0.009211603846630471,15950.993358337046
16081.172121371112,0.008161169659444734,16081.172121371112
15947.35685007687,-0.008321238668691701,15947.35685007687
16784.07342198748,0.052467413865299926,16784.07342198748
17308.113674236905,0.031222471391415655,17308.113674236905
17359.257902576843,0.0029549279200809984,17359.257902576843
16965.621530168217,-0.022675875582803248,16965.621530168217
17057.9415369564,0.005441592966342139,17057.9415369564
17042.96996305581,-0.0008776893664545921,17042.96996305581
17106.094919198942,0.0037038706446100075,17106.094919198942
17081.02422342614,-0.0014656001788382134,17081.02422342614
17094.685925188038,0.0007998174806848799,17094.685925188038
17090.196072263836,-0.0002626461196098758,17090.196072263836
16950.289438954227,-0.008186367945577151,16950.289438954227
16846.26875310458,-0.006136808827027559,16846.26875310458
16981.64297871985,0.00803585812379484,16981.64297871985
17038.070218196925,0.0033228374632410674,17038.070218196925
17004.1074534314,-0.0019933457445934066,17004.1074534314
16907.362321946403,-0.005689515415610568,16907.362321946403
16476.667136377775,-0.025473824796998015,16476.667136377775
16438.641417543316,-0.0023078525844891984,16438.641417543316
16534.31726783969,0.005820179896026418,16534.31726783969
16125.300751548473,-0.024737430016949134,16125.300751548473
15941.520765099052,-0.011396995893659376,15941.520765099052
16038.100289389151,0.006058363296276021,16038.100289389151
16076.251249745297,0.002378770531905699,16076.251249745297
16062.612317710182,-0.0008483900769672808,16062.612317710182
16287.410554177517,0.013995123085893102,16287.410554177517
16539.343893321115,0.015467979904207776,16539.343893321115
16552.02855836331,0.000766938829255359,16552.02855836331
16558.177743174718,0.000371506416251396,16558.177743174718
16460.79897209876,-0.005881007716329049,16460.79897209876
16520.37904367814,0.003619512739349254,16520.37904367814
16650.71482999837,0.00788939442464619,16650.71482999837
16472.810769019216,-0.010684469873848164,16472.810769019216
16320.998246331486,-0.009215945281982262,16320.998246331486
16460.075701973223,0.008521381691404794,16460.075701973223
16594.66445189886,0.008176678671623925,16594.66445189886
16629.8995360436,0.0021232778913287268,16629.8995360436
16441.80325341205,-0.011310728740355063,16441.80325341205
16315.841852452602,-0.007661045386448597,16315.841852452602
16500.07670177621,0.01129177709551723,16500.07670177621
16455.740256792054,-0.002687044780790578,16455.740256792054
16111.537705746572,-0.020916868258382577,16111.537705746572
16032.010773276514,-0.004936023731719531,16032.010773276514
16006.308428388673,-0.0016031890978194703,16006.308428388673
16037.748331619712,0.0019642195058091594,16037.748331619712
16103.990174477696,0.0041303705163761315,16103.990174477696
16091.349600886433,-0.0007849342587960995,16091.349600886433
16169.166165196455,0.004835925279116136,16169.166165196455
16150.675420208245,-0.0011435806150604292,16150.675420208245
16119.972082782777,-0.001901055938939344,16119.972082782777
16078.021820515953,-0.00260237809664878,16078.021820515953
16140.806246871985,0.003904984522157965,16140.806246871985
16344.489652005255,0.012619159292166282,16344.489652005255
16238.250284368014,-0.006500011312632688,16238.250284368014
16292.147748120067,0.0033191669550713594,16292.147748120067
16308.84909112017,0.0010251161024505077,16308.84909112017
16278.329862064465,-0.0018713294166368413,16278.329862064465
